1,12,5,4,2,0,-1,2,2,-1,1,246,9.8309
1,20,4,4,2,-1,0,1,2,-1,1,215,11.973
1,23,3,3,1,0,1,2,2,-1,0,225,12.965
1,24,1,1,2,0,-1,2,2,-1,1,205,11.727
1,26,3,2,2,1,0,1,2,1,1,253,12.003
1,28,3,2,1,1,0,1,2,1,1,235,9.7603
1,29,4,4,1,0,1,2,2,1,1,219,10.147
1,30,4,4,2,0,1,2,2,1,1,221,11.067
1,43,4,4,1,1,0,1,2,1,1,223,10.478
1,55,4,4,1,0,-1,2,2,1,0,211,12.264
1,63,5,4,1,-1,0,1,2,-1,1,256,10.882
1,65,3,3,1,1,0,1,2,1,1,225,10.149
1,66,1,1,1,0,-1,2,2,-1,1,210,10.426
1,68,2,2,1,0,-1,2,2,1,0,209,10.386
1,77,3,3,2,0,-1,2,2,-1,1,202,10.771
1,94,4,3,2,1,0,1,2,-1,0,245,11.318
1,96,2,2,2,1,0,1,2,-1,0,216,11.867
1,97,4,3,1,0,1,2,2,1,1,240,11.322
1,100,4,3,1,0,-1,2,2,-1,1,234,10.624
1,102,4,4,2,0,1,2,2,1,1,218,10.63
1,104,2,2,1,0,-1,2,2,-1,1,209,10.863
1,106,2,2,2,-1,0,1,2,-1,1,215,14.062
1,108,2,2,1,-1,0,1,2,-1,1,210,14.381
1,109,4,3,1,1,0,1,2,1,1,239,11.486
1,116,4,4,2,1,0,1,2,1,1,209,12.698
1,119,3,3,1,0,1,2,2,1,1,202,10.173
1,124,2,2,2,0,-1,2,2,-1,1,210,12.494
1,125,3,3,2,0,-1,2,2,-1,1,224,11.003
1,127,2,1,1,0,-1,2,2,-1,1,244,11.76
1,132,3,2,1,1,0,1,2,1,1,257,10.235
1,133,3,3,1,1,0,1,2,1,1,221,10.102
1,138,4,3,1,0,-1,2,2,-1,1,269,11.234
1,144,4,4,1,-1,0,1,2,1,0,216,10.547
1,145,3,3,2,0,1,2,2,-1,0,204,13.38
1,147,5,4,1,0,-1,2,2,-1,1,246,11.775
1,150,4,4,1,0,-1,2,2,-1,1,225,9.4533
1,159,2,2,1,0,1,2,2,-1,0,209,12.999
1,15,2,2,2,-1,0,1,2,-1,1,219,11.833
1,153,3,2,2,0,-1,2,2,1,0,244,11.679
1,73,3,3,2,0,1,2,2,-1,0,219,10.921
2,5,4,4,1,1,0,1,2,1,1,219,12.097
2,6,5,4,1,1,0,1,2,1,1,233,10.169
2,7,3,3,1,-1,0,1,2,1,0,200,10.575
2,11,3,3,2,0,-1,2,2,-1,1,212,9.9467
2,13,1,1,1,1,0,1,2,1,1,231,18.898
2,15,4,4,2,1,0,1,2,1,1,211,11.318
2,18,3,3,1,-1,0,1,2,-1,1,205,11.403
2,19,5,4,1,1,0,1,2,1,1,258,12.305
2,20,4,4,1,0,1,2,2,1,1,218,10.186
2,24,3,3,2,1,0,1,2,1,1,235,10.785
2,26,3,3,1,0,-1,2,2,-1,1,206,10.945
2,29,2,2,1,-1,0,1,2,-1,1,202,12.28
2,31,3,3,2,-1,0,1,2,-1,1,202,10.708
2,34,5,4,2,-1,0,1,2,-1,1,243,10.969
2,35,4,3,1,-1,0,1,2,-1,1,250,10.068
2,38,4,3,1,-1,0,1,2,1,0,233,9.922
2,41,4,4,1,0,-1,2,2,1,0,223,9.1483
2,43,3,3,1,0,1,2,2,1,1,207,10.11
2,46,2,2,2,0,-1,2,2,-1,1,202,10.055
2,50,5,4,2,1,0,1,2,1,1,240,9.6777
2,52,1,1,1,1,0,1,2,-1,0,201,12.101
2,54,4,4,1,0,1,2,2,1,1,218,9.2276
2,59,5,4,2,-1,0,1,2,-1,1,245,10.963
2,60,1,1,1,-1,0,1,2,-1,1,203,11.981
2,62,4,4,1,0,1,2,2,1,1,209,9.2461
2,66,2,2,1,0,-1,2,2,-1,1,218,9.3017
2,70,2,2,1,1,0,1,2,1,1,213,9.3102
2,72,3,3,2,0,-1,2,2,-1,1,204,10.434
2,73,3,3,2,-1,0,1,2,1,0,211,10.489
2,80,1,1,2,-1,0,1,2,1,0,228,9.7481
2,84,5,4,1,0,-1,2,2,-1,1,239,10.205
2,88,4,3,2,0,1,2,2,1,1,241,10.297
2,91,4,3,2,0,1,2,2,1,1,254,10.002
2,92,2,2,1,-1,0,1,2,-1,1,220,9.2651
2,95,5,4,1,1,0,1,2,1,1,268,10.584
2,96,3,3,2,1,0,1,2,-1,0,204,10.658
2,97,3,3,2,1,0,1,2,1,1,214,10.773
2,101,5,4,2,0,-1,2,2,-1,1,241,9.3876
2,105,4,3,2,-1,0,1,2,-1,1,251,10.682
2,106,5,4,1,1,0,1,2,1,1,240,9.7713
2,108,3,3,1,0,-1,2,2,1,0,221,9.3535
2,110,4,4,2,0,-1,2,2,-1,1,222,9.5115
2,114,5,4,2,-1,0,1,2,-1,1,252,8.042
2,122,3,2,1,-1,0,1,2,-1,1,237,10.181
2,125,4,3,2,1,0,1,2,1,1,238,9.6342
2,133,5,4,1,0,1,2,2,1,1,238,9.1393
2,135,3,3,1,0,1,2,2,1,1,226,10.257
2,139,4,3,1,0,1,2,2,1,1,245,8.8042
2,141,5,4,1,0,1,2,2,1,1,252,9.0806
2,143,2,2,1,0,1,2,2,1,1,228,11.437
2,144,5,4,2,0,1,2,2,1,1,234,9.5555
2,145,3,2,2,-1,0,1,2,-1,1,233,9.5747
2,147,2,2,1,1,0,1,2,1,1,207,8.4552
2,151,4,3,2,0,1,2,2,1,1,258,10.403
2,154,2,2,1,0,1,2,2,1,1,212,10.162
2,156,3,2,1,0,1,2,2,1,1,235,9.5147
2,158,2,2,1,0,1,2,2,1,1,202,9.2831
2,159,1,1,2,0,-1,2,2,-1,1,220,10.398
2,12,1,1,2,0,-1,2,2,-1,1,214,10.38
2,23,4,4,1,1,0,1,2,1,1,229,8.3791
2,90,1,1,1,-1,0,1,2,-1,1,206,9.8207
2,102,1,1,2,-1,0,1,2,-1,1,215,9.9599
2,103,3,3,2,1,0,1,2,1,1,200,10.263
2,116,3,3,1,1,0,1,2,1,1,211,9.3995
2,119,3,3,1,-1,0,1,2,-1,1,205,10.007
3,4,3,3,1,0,-1,2,2,-1,1,220,9.6869
3,8,5,4,1,0,1,2,2,1,1,267,9.3069
3,9,2,1,2,-1,0,1,2,-1,1,231,10.555
3,10,4,4,1,1,0,1,2,1,1,234,8.174
3,13,4,4,1,0,1,2,2,1,1,227,9.5458
3,14,4,3,1,0,-1,2,2,-1,1,247,9.8729
3,15,5,4,2,1,0,1,2,1,1,245,10.962
3,19,4,3,1,1,0,1,2,1,1,281,10.37
3,26,3,3,1,1,0,1,2,1,1,216,11.479
3,27,3,2,2,-1,0,1,2,-1,1,237,10.376
3,30,2,2,2,1,0,1,2,1,1,215,9.7477
3,35,4,4,2,-1,0,1,2,-1,1,216,10.715
3,38,3,3,1,1,0,1,2,1,1,230,10.029
3,46,2,1,2,0,-1,2,2,-1,1,266,11.108
3,47,1,1,2,1,0,1,2,1,1,204,8.9048
3,49,3,1,1,0,-1,2,2,1,0,278,9.3803
3,50,5,4,1,-1,0,1,2,-1,1,240,10.255
3,51,1,1,2,-1,0,1,2,1,0,228,10.349
3,53,4,4,1,0,1,2,2,1,1,221,8.3735
3,59,4,3,1,-1,0,1,2,-1,1,244,9.776
3,60,3,2,2,0,-1,2,2,-1,1,230,9.5105
3,61,4,4,1,1,0,1,2,1,1,223,9.8251
3,67,3,3,2,0,-1,2,2,-1,1,218,10.022
3,68,5,4,1,0,1,2,2,1,1,269,9.1249
3,69,4,4,1,1,0,1,2,1,1,212,9.3814
3,71,2,2,2,1,0,1,2,1,1,223,10.346
3,72,4,4,1,-1,0,1,2,-1,1,201,9.2068
3,75,2,1,2,1,0,1,2,1,1,238,11.018
3,76,3,3,2,0,-1,2,2,-1,1,210,10.701
3,77,3,3,1,0,1,2,2,1,1,210,9.0014
3,78,4,3,1,0,1,2,2,1,1,237,9.7734
3,81,5,4,1,0,1,2,2,1,1,248,8.6603
3,82,5,4,2,0,1,2,2,1,1,251,10.409
3,85,4,4,1,0,1,2,2,1,1,270,8.7301
3,86,2,1,2,0,-1,2,2,-1,1,242,10.063
3,89,4,3,2,0,1,2,2,1,1,255,9.7256
3,90,2,1,2,0,1,2,2,1,1,244,10.189
3,91,2,1,2,0,1,2,2,1,1,231,10.61
3,92,1,1,2,0,1,2,2,1,1,223,10.474
3,96,2,1,2,-1,0,1,2,1,0,236,8.8082
3,97,5,4,2,0,1,2,2,1,1,239,10.098
3,107,4,4,2,1,0,1,2,1,1,207,10.394
3,108,2,2,1,1,0,1,2,1,1,210,9.8966
3,109,4,4,2,0,1,2,2,1,1,224,10.37
3,111,4,4,2,0,1,2,2,1,1,218,8.97
3,112,3,2,1,0,-1,2,2,1,0,243,9.984
3,116,3,3,2,0,-1,2,2,-1,1,216,10.98
3,117,3,3,2,0,-1,2,2,-1,1,218,11.633
3,118,3,2,1,0,1,2,2,1,1,236,10.105
3,123,4,4,1,0,-1,2,2,1,0,221,9.1615
3,125,2,2,2,1,0,1,2,1,1,206,10.122
3,126,3,2,1,0,-1,2,2,-1,1,235,11.004
3,128,2,2,1,0,-1,2,2,-1,1,210,11.275
3,139,5,4,2,0,-1,2,2,-1,1,245,10.789
3,143,3,3,1,1,0,1,2,1,1,205,10.266
3,149,2,1,1,-1,0,1,2,-1,1,239,9.2402
3,152,2,2,1,0,1,2,2,1,1,224,10.733
3,154,3,2,2,1,0,1,2,1,1,240,9.9383
3,155,3,2,2,1,0,1,2,1,1,265,9.4331
3,157,3,3,2,1,0,1,2,1,1,203,9.4036
3,158,4,3,1,1,0,1,2,1,1,232,10.483
3,159,4,3,1,1,0,1,2,1,1,232,9.2358
4,4,2,2,1,-1,0,1,2,-1,1,212,11.333
4,9,3,2,2,-1,0,1,2,-1,1,249,10.859
4,10,5,4,2,0,1,2,2,-1,0,239,9.827
4,11,2,2,1,1,0,1,2,1,1,210,9.1426
4,13,3,3,1,1,0,1,2,1,1,202,10.024
4,16,5,4,1,0,1,2,2,1,1,269,10.939
4,18,4,3,2,1,0,1,2,1,1,240,11.331
4,22,2,1,1,0,-1,2,2,-1,1,251,10.63
4,25,2,2,2,1,0,1,2,1,1,217,11.353
4,27,5,4,2,0,-1,2,2,-1,1,259,9.616
4,29,1,1,2,0,-1,2,2,-1,1,212,10.895
4,30,3,2,1,1,0,1,2,1,1,238,9.7772
4,33,2,2,1,1,0,1,2,-1,0,222,9.3218
4,34,4,3,2,0,1,2,2,1,1,261,10.475
4,35,4,3,1,1,0,1,2,1,1,232,9.837
4,36,3,2,2,-1,0,1,2,-1,1,248,10.979
4,37,3,3,1,0,1,2,2,-1,0,226,8.7181
4,38,3,2,2,-1,0,1,2,-1,1,250,11.107
4,39,2,2,2,-1,0,1,2,1,0,200,10.223
4,40,3,2,2,0,1,2,2,1,1,276,11.471
4,42,4,3,2,0,-1,2,2,-1,1,247,9.835
4,43,1,1,1,1,0,1,2,1,1,213,9.9193
4,44,1,1,2,0,-1,2,2,1,0,210,10.219
4,45,2,2,1,1,0,1,2,1,1,219,10.514
4,46,1,1,2,1,0,1,2,1,1,217,9.5613
4,48,3,2,1,0,-1,2,2,-1,1,235,10.72
4,49,3,3,1,0,-1,2,2,-1,1,225,9.5389
4,50,3,3,1,-1,0,1,2,-1,1,216,9.4575
4,53,3,3,2,-1,0,1,2,1,0,217,10.599
4,54,4,3,1,-1,0,1,2,-1,1,268,10.616
4,55,2,2,1,0,1,2,2,1,1,203,11.175
4,56,5,4,1,1,0,1,2,1,1,278,9.6241
4,57,1,1,2,-1,0,1,2,-1,1,218,9.8966
4,61,1,1,1,0,-1,2,2,-1,1,201,8.8539
4,62,1,1,1,1,0,1,2,-1,0,228,9.5331
4,63,1,1,1,0,-1,2,2,-1,1,231,10.147
4,65,4,3,2,0,-1,2,2,-1,1,236,10.055
4,67,3,3,1,1,0,1,2,1,1,205,11.728
4,74,3,1,2,-1,0,1,2,-1,1,280,11.464
4,76,5,4,2,-1,0,1,2,-1,1,253,10.569
4,77,3,3,1,1,0,1,2,1,1,211,9.709
4,78,3,3,1,0,1,2,2,1,1,225,10.195
4,79,2,2,2,-1,0,1,2,-1,1,205,9.9388
4,83,1,1,1,1,0,1,2,1,1,208,9.1419
4,87,1,1,2,-1,0,1,2,-1,1,206,10.036
4,88,2,1,1,0,-1,2,2,1,0,233,9.4384
4,89,5,4,2,1,0,1,2,1,1,268,9.1945
4,91,3,2,1,0,1,2,2,1,1,254,10.279
4,94,1,1,2,0,1,2,2,1,1,226,10.066
4,95,3,3,2,1,0,1,2,1,1,228,10.138
4,99,4,3,1,-1,0,1,2,-1,1,240,10.746
4,102,1,1,1,-1,0,1,2,-1,1,203,8.9926
4,103,4,3,1,0,-1,2,2,-1,1,268,11.439
4,106,4,2,1,-1,0,1,2,1,0,286,10.241
4,107,2,2,1,-1,0,1,2,-1,1,235,10.868
4,108,4,3,1,-1,0,1,2,-1,1,239,10.134
4,110,1,1,1,-1,0,1,2,1,0,204,8.6813
4,111,4,3,2,0,1,2,2,1,1,263,9.297
4,114,3,3,1,-1,0,1,2,1,0,202,9.1339
4,119,3,2,2,-1,0,1,2,-1,1,257,8.6506
4,122,3,3,2,-1,0,1,2,1,0,226,9.8979
4,123,4,4,2,0,-1,2,2,-1,1,213,10.007
4,124,1,1,2,-1,0,1,2,-1,1,206,11.407
4,126,1,1,2,0,-1,2,2,1,0,218,11.063
4,127,4,3,2,0,1,2,2,1,1,243,10.214
4,128,3,2,2,0,1,2,2,1,1,235,11.129
4,129,4,4,2,-1,0,1,2,1,0,208,10.024
4,130,1,1,2,0,1,2,2,1,1,207,10.768
4,136,4,3,2,0,1,2,2,1,1,263,9.8349
4,139,2,2,2,0,1,2,2,1,1,211,12.106
4,141,3,3,2,1,0,1,2,1,1,224,10.624
4,147,2,1,1,0,1,2,2,1,1,232,9.0094
4,148,3,3,1,0,-1,2,2,-1,1,211,11.38
4,154,3,3,2,1,0,1,2,1,1,222,11.62
4,157,2,2,2,0,-1,2,2,1,0,218,9.9926
4,12,3,2,2,0,-1,2,2,-1,1,230,9.7093
4,121,1,1,2,0,-1,2,2,-1,1,214,10.641
4,149,2,2,2,-1,0,1,2,1,0,206,10.098
4,160,2,2,2,0,1,2,2,1,1,218,10.731
5,4,4,4,1,-1,0,1,2,-1,1,219,10.093
5,7,2,2,1,0,1,2,2,1,1,209,9.3035
5,10,5,4,2,0,-1,2,2,-1,1,248,9.9155
5,11,5,4,1,1,0,1,2,1,1,261,9.5232
5,12,3,2,1,0,-1,2,2,1,0,253,10.109
5,15,1,1,1,0,-1,2,2,-1,1,214,10.674
5,17,1,1,1,1,0,1,2,1,1,212,8.7563
5,18,4,4,1,0,-1,2,2,-1,1,218,10.174
5,19,3,3,2,1,0,1,2,1,1,201,10.147
5,20,2,2,2,-1,0,1,2,-1,1,209,11.247
5,23,2,2,2,0,1,2,2,-1,0,202,10.155
5,24,3,3,1,0,1,2,2,1,1,227,10.529
5,25,5,4,2,0,1,2,2,1,1,245,10.211
5,26,5,4,2,1,0,1,2,1,1,264,9.4068
5,28,5,4,1,1,0,1,2,1,1,240,9.4214
5,29,4,3,2,-1,0,1,2,1,0,242,10.764
5,31,2,2,2,-1,0,1,2,-1,1,215,10.116
5,33,2,1,1,-1,0,1,2,1,0,241,10.063
5,34,3,2,1,-1,0,1,2,-1,1,262,8.3189
5,37,2,2,2,0,1,2,2,1,1,220,10.101
5,41,4,3,1,1,0,1,2,1,1,248,8.819
5,42,4,3,1,0,-1,2,2,1,0,237,10.044
5,46,4,3,2,0,1,2,2,1,1,250,10.149
5,49,4,4,1,-1,0,1,2,1,0,217,9.775
5,55,1,1,1,0,1,2,2,1,1,215,8.7034
5,56,3,3,2,0,-1,2,2,-1,1,228,9.4254
5,57,4,3,2,0,1,2,2,1,1,224,10.564
5,59,3,3,1,0,1,2,2,1,1,223,9.4354
5,62,3,3,2,0,1,2,2,1,1,210,10.088
5,64,5,4,1,-1,0,1,2,1,0,249,10.632
5,66,3,2,2,0,-1,2,2,-1,1,252,10.863
5,68,2,2,1,-1,0,1,2,1,0,208,9.8561
5,69,5,4,2,-1,0,1,2,-1,1,242,10.153
5,70,3,1,2,0,-1,2,2,-1,1,280,10.534
5,71,2,1,1,-1,0,1,2,-1,1,234,9.6919
5,72,3,3,2,0,1,2,2,1,1,200,9.6736
5,73,3,3,1,0,1,2,2,1,1,218,9.3998
5,81,5,4,1,1,0,1,2,1,1,231,8.6309
5,87,3,3,1,0,-1,2,2,-1,1,216,10.503
5,89,3,3,2,0,1,2,2,1,1,215,10.811
5,92,4,3,1,1,0,1,2,1,1,237,9.281
5,95,3,3,2,0,-1,2,2,-1,1,215,9.8179
5,96,3,2,1,0,-1,2,2,-1,1,230,11.525
5,97,2,2,1,0,-1,2,2,-1,1,206,11.102
5,98,2,2,2,1,0,1,2,1,1,206,9.9003
5,99,2,2,1,1,0,1,2,-1,0,208,11.635
5,101,2,2,1,0,-1,2,2,-1,1,218,10.206
5,103,2,2,1,1,0,1,2,-1,0,207,10.673
5,104,1,1,1,-1,0,1,2,1,0,210,10.372
5,106,3,3,1,-1,0,1,2,1,0,209,11.172
5,107,2,1,1,1,0,1,2,1,1,238,10.764
5,111,5,4,1,1,0,1,2,1,1,240,9.8642
5,119,3,2,1,-1,0,1,2,1,0,239,10.515
5,123,2,2,1,-1,0,1,2,1,0,209,11.15
5,125,4,4,2,0,1,2,2,1,1,213,11.065
5,129,2,1,1,1,0,1,2,1,1,228,10.304
5,136,3,3,1,0,-1,2,2,-1,1,219,8.5624
5,137,4,3,2,-1,0,1,2,-1,1,241,9.2095
5,143,5,3,1,0,-1,2,2,-1,1,284,8.5406
5,145,2,1,2,0,-1,2,2,-1,1,266,10.085
5,149,3,3,2,-1,0,1,2,-1,1,217,10.678
5,151,3,3,1,0,1,2,2,1,1,206,10.74
5,153,3,2,1,1,0,1,2,1,1,233,9.8384
5,157,2,2,1,1,0,1,2,-1,0,215,9.7953
5,61,2,2,2,0,-1,2,2,-1,1,205,8.928
5,63,2,1,2,1,0,1,2,1,1,259,8.8204
5,76,1,1,1,0,-1,2,2,-1,1,207,11.076
5,82,2,1,2,-1,0,1,2,-1,1,267,10.553
5,100,3,2,2,-1,0,1,2,-1,1,248,11.844
5,105,1,1,2,-1,0,1,2,-1,1,215,10.181
5,110,2,2,2,0,1,2,2,1,1,216,12.085
5,122,4,4,2,0,1,2,2,1,1,221,11.212
6,7,5,4,1,1,0,1,2,1,1,280,9.0826
6,10,4,4,2,0,-1,2,2,-1,1,217,10.607
6,13,1,1,2,0,-1,2,2,-1,1,212,10.015
6,20,3,2,1,-1,0,1,2,1,0,261,9.7131
6,23,1,1,1,-1,0,1,2,-1,1,207,11.626
6,25,1,1,2,1,0,1,2,-1,0,202,10.801
6,26,4,4,2,0,1,2,2,-1,0,199,10.3
6,28,4,3,2,-1,0,1,2,-1,1,250,10.152
6,32,2,2,2,0,1,2,2,1,1,210,10.336
6,33,4,4,2,1,0,1,2,-1,0,217,10.757
6,35,1,1,1,0,1,2,2,1,1,214,10.245
6,37,2,2,1,-1,0,1,2,-1,1,221,12.826
6,44,3,3,2,0,-1,2,2,-1,1,211,10.831
6,46,4,3,2,1,0,1,2,-1,0,238,10.685
6,47,5,4,1,-1,0,1,2,-1,1,257,10.324
6,49,4,3,1,0,1,2,2,1,1,242,10.213
6,50,1,1,2,-1,0,1,2,-1,1,212,9.9696
6,51,4,4,2,0,1,2,2,1,1,220,10.265
6,54,2,2,1,0,-1,2,2,-1,1,215,9.8876
6,57,5,3,1,0,-1,2,2,-1,1,291,8.4546
6,58,1,1,2,0,1,2,2,-1,0,210,10.26
6,61,2,2,1,0,-1,2,2,1,0,223,9.9728
6,62,5,4,2,0,1,2,2,1,1,235,10.051
6,68,4,4,2,1,0,1,2,1,1,221,10.256
6,73,2,2,1,1,0,1,2,1,1,225,9.4628
6,77,2,2,2,-1,0,1,2,-1,1,219,10.346
6,78,2,2,1,0,-1,2,2,-1,1,210,9.3307
6,81,1,1,1,0,1,2,2,1,1,212,9.0641
6,82,5,4,2,1,0,1,2,1,1,238,9.1123
6,83,5,4,1,1,0,1,2,1,1,238,9.0601
6,87,4,4,1,-1,0,1,2,1,0,205,9.2968
6,95,2,2,2,0,1,2,2,1,1,209,9.5647
6,97,3,3,2,-1,0,1,2,-1,1,202,9.4278
6,99,3,3,2,-1,0,1,2,1,0,206,10.339
6,100,3,3,1,1,0,1,2,-1,0,227,10.899
6,105,3,2,2,1,0,1,2,1,1,240,11.058
6,106,2,2,1,-1,0,1,2,-1,1,223,9.9553
6,108,3,2,2,0,1,2,2,-1,0,236,10.419
6,109,5,4,1,0,1,2,2,1,1,252,10.757
6,112,2,2,1,0,-1,2,2,1,0,212,11.158
6,115,4,3,2,1,0,1,2,1,1,252,8.9732
6,116,2,2,1,1,0,1,2,-1,0,207,12.417
6,119,2,2,1,0,1,2,2,1,1,211,12.158
6,121,2,2,1,0,1,2,2,1,1,209,9.2256
6,122,3,3,2,0,-1,2,2,1,0,215,10.244
6,124,2,1,1,1,0,1,2,1,1,243,10.386
6,125,2,1,2,1,0,1,2,1,1,233,9.7867
6,126,4,4,2,-1,0,1,2,-1,1,221,9.9772
6,129,3,2,1,-1,0,1,2,1,0,246,10.535
6,131,4,3,1,0,-1,2,2,1,0,267,8.8654
6,134,4,3,1,0,1,2,2,1,1,268,10.3
6,135,4,4,2,1,0,1,2,1,1,221,11.716
6,137,2,1,2,1,0,1,2,1,1,235,8.0846
6,139,4,3,1,0,1,2,2,-1,0,254,11.324
6,140,3,3,1,0,-1,2,2,1,0,210,11.704
6,143,2,2,1,-1,0,1,2,-1,1,225,10.052
6,144,4,4,2,0,1,2,2,1,1,221,10.525
6,145,4,3,1,0,-1,2,2,-1,1,243,10.869
6,146,4,3,2,-1,0,1,2,-1,1,243,10.01
6,147,2,1,1,1,0,1,2,1,1,233,10.405
6,148,3,3,2,1,0,1,2,1,1,230,9.4707
6,150,2,1,2,1,0,1,2,1,1,242,9.8357
6,153,4,4,1,0,1,2,2,1,1,218,8.4164
6,154,2,1,2,0,1,2,2,1,1,237,10.896
6,155,1,1,2,0,-1,2,2,-1,1,220,9.6339
6,156,3,3,1,0,-1,2,2,-1,1,225,8.8538
6,158,2,1,2,0,1,2,2,1,1,246,9.8299
6,160,3,2,2,-1,0,1,2,-1,1,248,10.456
6,1,2,1,2,0,-1,2,2,-1,1,236,9.9832
6,15,3,2,2,-1,0,1,2,-1,1,245,9.1555
6,24,3,3,2,0,-1,2,2,-1,1,219,10.606
6,30,4,4,2,0,1,2,2,1,1,222,10.45
6,31,4,3,1,1,0,1,2,1,1,239,11.136
6,36,2,2,2,0,-1,2,2,1,0,213,10.339
6,39,2,2,2,-1,0,1,2,-1,1,207,10.893
6,53,3,3,2,-1,0,1,2,1,0,209,10.345
6,56,3,2,2,-1,0,1,2,1,0,242,9.321
6,74,1,1,1,1,0,1,2,1,1,200,11.089
6,86,4,3,2,1,0,1,2,1,1,266,9.4152
6,91,2,2,2,1,0,1,2,-1,0,209,9.8019
6,104,2,1,2,0,-1,2,2,1,0,237,10.072
6,110,5,4,2,0,-1,2,2,-1,1,235,10.741
6,127,1,1,1,0,-1,2,2,1,0,225,9.8524
6,136,3,3,2,1,0,1,2,1,1,209,9.6417
7,4,3,3,2,1,0,1,2,1,1,211,10.64
7,6,3,2,2,0,-1,2,2,-1,1,231,9.4921
7,7,4,4,1,0,-1,2,2,-1,1,203,10.468
7,8,4,4,2,0,-1,2,2,-1,1,221,10.365
7,10,4,4,1,0,1,2,2,1,1,217,10.351
7,11,3,3,1,0,1,2,2,1,1,209,11.911
7,13,4,3,1,1,0,1,2,1,1,230,10.775
7,16,1,1,1,1,0,1,2,1,1,206,9.9841
7,18,5,3,2,1,0,1,2,-1,0,279,12.212
7,22,4,4,1,0,1,2,2,1,1,214,9.5821
7,23,4,3,1,1,0,1,2,1,1,244,9.5612
7,24,2,1,1,-1,0,1,2,-1,1,237,9.186
7,25,3,3,1,0,-1,2,2,-1,1,227,10.726
7,26,4,3,2,0,1,2,2,1,1,246,10.741
7,32,4,3,1,-1,0,1,2,-1,1,237,10.488
7,34,2,2,1,0,1,2,2,1,1,228,9.3037
7,38,2,2,1,-1,0,1,2,-1,1,206,10.139
7,40,4,3,1,0,1,2,2,1,1,247,9.225
7,48,5,4,1,-1,0,1,2,-1,1,246,8.6695
7,49,1,1,1,0,1,2,2,1,1,221,10.348
7,52,3,2,2,-1,0,1,2,-1,1,258,9.1893
7,54,2,2,1,0,-1,2,2,-1,1,221,10.179
7,55,5,4,2,0,1,2,2,1,1,253,10.647
7,57,3,2,2,0,-1,2,2,-1,1,254,9.5435
7,59,4,3,1,1,0,1,2,1,1,233,9.9272
7,61,2,2,2,1,0,1,2,1,1,217,10.693
7,63,1,1,1,-1,0,1,2,-1,1,215,9.4743
7,65,5,4,1,-1,0,1,2,-1,1,231,9.7172
7,68,4,3,1,-1,0,1,2,-1,1,243,10.835
7,70,4,4,2,-1,0,1,2,-1,1,200,10.849
7,72,5,4,1,0,1,2,2,-1,0,249,10.51
7,73,1,1,2,-1,0,1,2,-1,1,210,9.9789
7,74,2,2,1,0,-1,2,2,1,0,210,9.7823
7,75,2,2,2,0,1,2,2,1,1,225,10.361
7,78,4,3,2,-1,0,1,2,-1,1,262,10.7
7,85,5,4,2,0,-1,2,2,-1,1,238,10.202
7,87,5,4,1,0,-1,2,2,-1,1,244,7.9104
7,92,1,1,1,-1,0,1,2,-1,1,220,9.878
7,93,4,3,2,0,-1,2,2,-1,1,234,9.8958
7,94,3,3,1,1,0,1,2,1,1,215,9.5734
7,95,5,4,2,1,0,1,2,1,1,252,9.922
7,96,5,4,2,-1,0,1,2,-1,1,268,10.301
7,97,3,2,1,0,-1,2,2,-1,1,230,9.3542
7,98,4,4,1,1,0,1,2,1,1,227,10.338
7,99,1,1,2,0,1,2,2,1,1,223,9.7502
7,101,3,3,1,1,0,1,2,1,1,217,12.052
7,103,3,2,1,1,0,1,2,1,1,231,9.7936
7,105,3,3,2,-1,0,1,2,-1,1,215,10.308
7,106,2,1,1,1,0,1,2,1,1,252,9.4241
7,110,3,2,2,0,-1,2,2,-1,1,237,9.1877
7,112,5,4,2,1,0,1,2,1,1,248,11.087
7,113,3,3,2,0,1,2,2,1,1,220,10.626
7,114,5,4,2,0,-1,2,2,-1,1,236,10.572
7,117,4,4,1,0,1,2,2,1,1,218,9.8979
7,118,4,4,1,0,-1,2,2,-1,1,223,8.7904
7,121,2,1,2,-1,0,1,2,-1,1,239,10.523
7,123,3,2,1,0,1,2,2,1,1,248,11.017
7,125,4,4,2,-1,0,1,2,1,0,221,10.599
7,126,3,2,1,-1,0,1,2,-1,1,237,10.674
7,127,2,2,1,1,0,1,2,1,1,208,10.643
7,128,2,2,1,1,0,1,2,1,1,200,12.041
7,129,3,2,1,1,0,1,2,1,1,245,12.067
7,130,4,3,1,0,-1,2,2,-1,1,239,10.252
7,133,1,1,2,-1,0,1,2,-1,1,210,10.936
7,135,2,1,1,0,1,2,2,-1,0,228,9.4096
7,139,3,3,1,0,1,2,2,1,1,208,10.603
7,145,2,2,1,0,1,2,2,1,1,206,12.921
7,146,3,3,1,-1,0,1,2,-1,1,213,9.9525
7,148,4,3,1,0,-1,2,2,-1,1,253,8.9587
7,149,2,2,2,0,1,2,2,1,1,222,10.552
7,150,4,4,2,1,0,1,2,1,1,221,10.227
7,152,4,3,1,-1,0,1,2,-1,1,241,9.4748
7,154,4,3,1,1,0,1,2,1,1,236,11.128
7,155,4,3,1,1,0,1,2,1,1,238,10.979
7,17,3,3,2,0,1,2,2,1,1,202,9.6117
7,35,3,3,1,0,-1,2,2,-1,1,208,10.959
7,39,4,4,2,1,0,1,2,1,1,214,11.065
7,53,3,3,1,0,-1,2,2,-1,1,215,11.76
7,90,2,1,2,0,-1,2,2,-1,1,228,9.6894
7,100,3,2,2,0,1,2,2,1,1,235,10.98
7,137,2,2,2,0,-1,2,2,-1,1,209,10.796
7,156,2,2,2,0,1,2,2,1,1,221,9.8823
8,6,4,4,2,-1,0,1,2,-1,1,213,10.601
8,8,4,4,2,-1,0,1,2,-1,1,223,9.1597
8,11,4,4,2,-1,0,1,2,-1,1,220,9.5461
8,16,3,3,1,0,-1,2,2,-1,1,219,9.399
8,20,3,2,1,0,1,2,2,1,1,246,10.213
8,22,4,3,1,1,0,1,2,1,1,266,9.9189
8,28,3,2,2,0,-1,2,2,-1,1,234,11.039
8,29,2,2,1,1,0,1,2,1,1,224,10.451
8,31,4,4,1,-1,0,1,2,-1,1,213,9.4344
8,32,1,1,1,0,1,2,2,1,1,204,9.4421
8,33,1,1,1,0,1,2,2,1,1,207,10.141
8,34,4,4,1,-1,0,1,2,-1,1,212,9.6114
8,36,4,3,2,-1,0,1,2,-1,1,243,9.988
8,38,5,4,1,0,1,2,2,1,1,242,9.1625
8,39,3,3,1,0,1,2,2,1,1,209,11.002
8,41,4,3,2,0,1,2,2,1,1,269,7.1068
8,43,4,3,1,0,1,2,2,1,1,254,9.2476
8,44,1,1,2,0,1,2,2,1,1,222,9.7821
8,48,3,3,1,-1,0,1,2,-1,1,202,9.3034
8,49,4,3,2,0,1,2,2,1,1,264,8.6514
8,51,1,1,2,-1,0,1,2,-1,1,210,10.354
8,52,5,4,1,-1,0,1,2,-1,1,239,8.9124
8,53,3,2,2,0,-1,2,2,-1,1,251,10.744
8,57,3,3,1,1,0,1,2,1,1,219,9.6942
8,58,3,2,1,-1,0,1,2,-1,1,245,9.7944
8,59,2,1,2,1,0,1,2,1,1,249,9.432
8,61,3,3,1,0,-1,2,2,-1,1,200,8.8463
8,63,5,4,2,0,-1,2,2,-1,1,262,9.2499
8,64,2,1,2,-1,0,1,2,-1,1,233,8.8232
8,65,2,1,2,1,0,1,2,1,1,233,10.94
8,66,4,4,2,-1,0,1,2,-1,1,216,10.115
8,67,3,3,1,0,1,2,2,1,1,220,10.126
8,70,2,1,2,1,0,1,2,1,1,260,10.143
8,71,3,3,1,0,-1,2,2,-1,1,227,9.0533
8,72,4,4,1,0,1,2,2,1,1,221,9.2497
8,73,2,2,2,0,-1,2,2,-1,1,208,8.8896
8,74,5,4,1,1,0,1,2,1,1,259,9.3198
8,75,3,2,1,0,1,2,2,1,1,241,10.157
8,76,4,3,1,1,0,1,2,1,1,267,9.4764
8,77,5,4,2,-1,0,1,2,-1,1,245,11.358
8,78,4,3,2,-1,0,1,2,-1,1,258,10.424
8,79,5,4,1,-1,0,1,2,-1,1,267,9.8863
8,81,4,3,2,0,-1,2,2,-1,1,250,9.695
8,83,3,3,2,0,-1,2,2,-1,1,206,10.155
8,87,5,4,1,1,0,1,2,1,1,236,8.9567
8,88,3,3,1,0,1,2,2,1,1,218,8.5943
8,89,2,2,2,-1,0,1,2,-1,1,220,10.593
8,92,3,3,1,0,1,2,2,1,1,214,9.789
8,94,3,2,1,0,1,2,2,1,1,245,11.084
8,98,1,1,1,1,0,1,2,1,1,201,10.125
8,100,2,2,1,-1,0,1,2,-1,1,221,10.641
8,101,4,4,1,-1,0,1,2,-1,1,217,9.5339
8,103,2,2,2,-1,0,1,2,-1,1,210,10.947
8,104,5,4,2,0,-1,2,2,-1,1,246,11.03
8,105,2,1,1,1,0,1,2,1,1,230,12.634
8,106,2,2,1,-1,0,1,2,-1,1,211,10.18
8,107,2,2,2,-1,0,1,2,-1,1,225,10.618
8,109,1,1,1,-1,0,1,2,-1,1,202,8.7133
8,111,3,2,1,0,-1,2,2,-1,1,246,10.639
8,112,5,4,2,-1,0,1,2,-1,1,245,10.304
8,113,4,4,2,-1,0,1,2,-1,1,221,11.125
8,114,5,4,1,0,-1,2,2,-1,1,265,8.4423
8,120,1,1,2,0,-1,2,2,-1,1,219,11.612
8,123,5,4,2,1,0,1,2,1,1,262,10.345
8,125,1,1,2,1,0,1,2,-1,0,217,10.279
8,126,2,2,1,-1,0,1,2,-1,1,228,11.045
8,128,3,2,1,0,-1,2,2,-1,1,269,9.6002
8,130,3,2,2,0,1,2,2,1,1,241,10.843
8,131,3,2,2,1,0,1,2,1,1,242,11.426
8,133,3,3,1,0,-1,2,2,1,0,211,10.848
8,137,3,3,2,-1,0,1,2,-1,1,224,9.8948
8,138,4,3,1,0,1,2,2,1,1,244,11.378
8,139,3,3,1,0,-1,2,2,-1,1,216,10.473
8,141,2,2,1,1,0,1,2,1,1,203,16.643
8,142,4,4,1,0,-1,2,2,-1,1,207,10.274
8,144,5,4,1,1,0,1,2,1,1,240,9.9943
8,146,3,3,1,0,1,2,2,1,1,204,10.074
8,149,5,4,1,-1,0,1,2,-1,1,250,7.769
8,155,1,1,2,0,-1,2,2,-1,1,200,10.705
8,156,3,2,1,0,-1,2,2,-1,1,242,9.6722
8,158,1,1,2,0,1,2,2,1,1,203,10.204
8,159,3,2,2,0,-1,2,2,-1,1,244,10.602
8,160,2,2,2,1,0,1,2,1,1,215,9.3507
8,93,5,4,1,-1,0,1,2,-1,1,251,6.7675
8,97,5,4,2,0,1,2,2,1,1,266,10.313
8,117,4,3,1,1,0,1,2,1,1,242,9.0882
8,134,4,2,2,-1,0,1,2,-1,1,286,8.6174
8,145,3,2,1,0,1,2,2,1,1,247,8.6831
9,1,4,3,1,-1,0,1,2,-1,1,270,9.5698
9,4,2,2,2,0,1,2,2,-1,0,206,11.784
9,9,2,2,1,0,1,2,2,1,1,202,9.0306
9,10,3,2,2,1,0,1,2,-1,0,232,11.467
9,13,2,2,2,1,0,1,2,1,1,213,10.064
9,15,2,1,1,0,1,2,2,1,1,230,8.6389
9,16,3,2,2,1,0,1,2,1,1,231,11.186
9,17,4,3,2,0,-1,2,2,-1,1,242,10.246
9,18,3,2,1,0,-1,2,2,1,0,243,10.25
9,22,1,1,1,1,0,1,2,-1,0,218,10.727
9,23,1,1,1,0,-1,2,2,1,0,212,11.251
9,24,2,1,2,-1,0,1,2,-1,1,233,10.373
9,25,4,4,1,1,0,1,2,-1,0,232,8.4983
9,27,2,1,1,0,-1,2,2,-1,1,234,9.1234
9,28,4,4,1,1,0,1,2,1,1,209,8.5522
9,29,3,3,1,0,1,2,2,1,1,216,10.787
9,31,1,1,1,0,-1,2,2,-1,1,308,9.4011
9,34,4,4,1,0,-1,2,2,-1,1,212,10.489
9,40,2,2,1,1,0,1,2,-1,0,219,8.5012
9,43,4,3,1,-1,0,1,2,-1,1,231,9.0414
9,44,1,1,1,0,1,2,2,1,1,221,8.8338
9,46,5,4,1,-1,0,1,2,-1,1,236,8.7565
9,53,4,4,1,1,0,1,2,1,1,204,9.4773
9,57,1,1,2,1,0,1,2,-1,0,217,9.6226
9,58,4,4,1,0,1,2,2,-1,0,214,9.4457
9,59,3,3,2,1,0,1,2,1,1,203,11.244
9,61,2,2,1,-1,0,1,2,-1,1,213,10.508
9,62,1,1,2,0,-1,2,2,-1,1,208,10.857
9,64,4,3,2,1,0,1,2,1,1,263,10.621
9,68,3,3,2,0,1,2,2,1,1,223,10.999
9,70,3,3,1,0,-1,2,2,-1,1,222,10.858
9,76,3,2,2,0,-1,2,2,-1,1,245,10.306
9,78,2,2,1,0,-1,2,2,-1,1,212,10.481
9,79,3,3,1,-1,0,1,2,-1,1,220,11.607
9,81,1,1,2,-1,0,1,2,1,0,226,11.668
9,84,2,1,1,-1,0,1,2,-1,1,248,9.5612
9,86,2,2,2,0,-1,2,2,-1,1,217,11.498
9,87,2,2,2,0,-1,2,2,1,0,211,10.916
9,88,4,4,1,0,-1,2,2,-1,1,222,9.8198
9,89,5,4,1,0,1,2,2,1,1,236,9.0484
9,90,2,2,1,0,1,2,2,1,1,228,10.098
9,97,5,4,1,-1,0,1,2,-1,1,236,8.8253
9,98,5,4,1,0,-1,2,2,-1,1,250,8.9855
9,100,3,3,1,-1,0,1,2,-1,1,210,9.852
9,102,1,1,1,1,0,1,2,1,1,201,9.5047
9,104,3,3,1,1,0,1,2,1,1,210,9.5774
9,105,4,3,1,0,1,2,2,1,1,236,10.365
9,108,1,1,2,0,1,2,2,1,1,202,9.4515
9,109,2,2,1,1,0,1,2,1,1,211,11.086
9,112,5,3,1,0,1,2,2,-1,0,286,9.6016
9,114,2,2,1,1,0,1,2,1,1,203,11.028
9,116,3,3,1,0,1,2,2,1,1,227,10.637
9,117,2,2,1,-1,0,1,2,-1,1,223,10.431
9,118,3,2,1,0,-1,2,2,1,0,228,10.395
9,120,3,2,2,1,0,1,2,1,1,227,10.359
9,121,3,2,2,0,-1,2,2,-1,1,240,9.2432
9,122,1,1,2,-1,0,1,2,1,0,201,10.943
9,123,3,3,1,1,0,1,2,1,1,224,10.5
9,125,4,3,2,0,1,2,2,-1,0,249,9.9764
9,126,3,2,2,0,-1,2,2,-1,1,237,9.9994
9,127,4,4,1,0,1,2,2,1,1,221,10.436
9,128,2,1,2,0,-1,2,2,-1,1,229,9.9264
9,130,1,1,2,0,-1,2,2,-1,1,202,9.9872
9,131,3,3,1,-1,0,1,2,-1,1,207,10.584
9,132,2,2,2,0,-1,2,2,-1,1,217,10.217
9,133,1,1,1,-1,0,1,2,-1,1,222,9.9393
9,134,2,1,2,0,1,2,2,1,1,252,9.5944
9,135,1,1,1,-1,0,1,2,-1,1,212,10.668
9,139,3,2,2,0,1,2,2,1,1,230,10.86
9,140,2,2,2,1,0,1,2,1,1,219,10.887
9,141,3,2,2,0,1,2,2,1,1,259,9.2349
9,144,5,4,1,0,-1,2,2,-1,1,248,8.4966
9,146,3,2,1,1,0,1,2,1,1,243,9.2723
9,150,4,4,2,1,0,1,2,-1,0,221,10.243
9,153,2,2,2,-1,0,1,2,1,0,218,10.754
9,154,1,1,2,1,0,1,2,-1,0,212,10.229
9,155,2,1,2,1,0,1,2,1,1,238,11.031
9,52,3,3,2,-1,0,1,2,-1,1,206,10.839
9,77,4,3,1,0,-1,2,2,-1,1,253,9.6755
9,156,1,1,2,0,-1,2,2,-1,1,202,10.211
9,138,3,3,2,-1,0,1,2,1,0,216,10.692
10,5,2,2,1,1,0,1,2,1,1,201,9.1612
10,6,5,4,2,0,1,2,2,1,1,244,11.132
10,9,2,2,1,-1,0,1,2,-1,1,210,8.7001
10,12,1,1,1,1,0,1,2,1,1,219,9.7766
10,13,1,1,2,0,1,2,2,1,1,211,11.316
10,17,2,2,2,-1,0,1,2,1,0,224,9.3676
10,19,3,2,1,0,1,2,2,1,1,229,9.5172
10,20,3,3,2,1,0,1,2,1,1,217,9.8492
10,22,3,3,1,0,-1,2,2,1,0,226,10.662
10,23,5,4,1,0,-1,2,2,1,0,258,11.097
10,24,5,4,2,0,-1,2,2,-1,1,242,9.7919
10,25,3,3,1,0,-1,2,2,-1,1,203,9.6998
10,26,4,3,2,-1,0,1,2,1,0,268,11.128
10,28,3,3,2,0,-1,2,2,-1,1,217,11.828
10,31,5,4,2,1,0,1,2,1,1,242,11.282
10,32,4,4,1,1,0,1,2,1,1,244,8.2714
10,33,3,2,1,0,1,2,2,1,1,247,9.8925
10,36,3,2,1,0,-1,2,2,-1,1,249,9.101
10,38,4,4,1,0,1,2,2,1,1,207,9.3792
10,39,2,2,2,1,0,1,2,-1,0,204,8.9175
10,41,1,1,1,0,-1,2,2,1,0,206,9.4619
10,44,4,3,2,0,-1,2,2,-1,1,255,9.751
10,47,1,1,1,0,1,2,2,-1,0,221,9.9878
10,50,3,3,2,1,0,1,2,1,1,203,9.9582
10,51,1,1,2,-1,0,1,2,-1,1,220,10.458
10,53,3,3,2,0,-1,2,2,-1,1,211,10.369
10,54,4,3,2,1,0,1,2,1,1,255,10.054
10,55,4,4,1,1,0,1,2,-1,0,223,9.4839
10,56,4,3,1,-1,0,1,2,-1,1,260,8.8448
10,58,4,4,1,0,1,2,2,1,1,220,7.3701
10,59,3,2,2,0,-1,2,2,-1,1,232,11.062
10,62,4,4,1,0,-1,2,2,-1,1,220,10.086
10,64,4,3,1,0,1,2,2,1,1,240,7.4561
10,68,3,3,1,0,-1,2,2,-1,1,215,10.341
10,69,4,4,2,0,-1,2,2,-1,1,216,11.327
10,70,2,2,2,1,0,1,2,-1,0,213,11.085
10,77,2,2,2,-1,0,1,2,1,0,215,10.151
10,83,5,4,2,0,-1,2,2,-1,1,231,8.3965
10,85,4,4,2,0,1,2,2,1,1,214,9.3486
10,87,4,4,1,1,0,1,2,-1,0,215,10.181
10,93,4,4,2,0,1,2,2,1,1,207,9.4841
10,96,5,4,2,-1,0,1,2,-1,1,266,10.119
10,99,1,1,1,0,-1,2,2,-1,1,201,9.6257
10,100,4,3,2,0,-1,2,2,-1,1,243,9.7163
10,104,2,2,1,0,1,2,2,1,1,210,10.432
10,106,2,2,2,0,1,2,2,1,1,214,11.635
10,108,4,4,2,0,-1,2,2,-1,1,200,10.017
10,118,4,3,2,0,-1,2,2,-1,1,260,9.4361
10,121,1,1,1,0,1,2,2,1,1,202,10.735
10,122,4,3,1,-1,0,1,2,-1,1,245,10.872
10,123,1,1,1,1,0,1,2,1,1,200,11.744
10,124,5,4,2,0,1,2,2,1,1,244,9.3776
10,126,4,4,1,1,0,1,2,1,1,204,11.15
10,127,5,4,2,0,-1,2,2,-1,1,266,10.294
10,130,1,1,2,0,-1,2,2,-1,1,213,10.375
10,131,2,2,1,0,-1,2,2,1,0,200,11.409
10,132,4,3,2,-1,0,1,2,1,0,243,10.357
10,133,4,3,1,0,-1,2,2,-1,1,244,10.701
10,134,3,2,1,-1,0,1,2,-1,1,240,10.04
10,135,2,1,2,0,1,2,2,1,1,233,8.5267
10,137,4,3,2,-1,0,1,2,-1,1,242,10.08
10,139,2,2,2,1,0,1,2,1,1,217,11.119
10,140,5,4,1,0,-1,2,2,-1,1,254,10.179
10,141,2,1,2,-1,0,1,2,-1,1,238,9.9991
10,143,3,3,2,1,0,1,2,1,1,218,10.678
10,144,3,2,2,-1,0,1,2,-1,1,236,9.8725
10,145,2,2,2,0,1,2,2,1,1,212,10.66
10,146,5,4,1,-1,0,1,2,-1,1,253,9.4536
10,148,3,2,1,0,1,2,2,-1,0,231,9.7683
10,150,4,4,2,-1,0,1,2,1,0,222,10.354
10,151,2,1,2,-1,0,1,2,-1,1,228,11.087
10,156,1,1,1,-1,0,1,2,-1,1,208,11.661
10,160,2,2,2,0,1,2,2,1,1,210,9.4062
10,52,2,2,1,1,0,1,2,1,1,214,10.802
10,60,2,1,2,1,0,1,2,1,1,235,10.799
10,71,2,2,2,0,-1,2,2,-1,1,200,10.236
10,73,4,3,2,0,1,2,2,1,1,243,10.934
10,98,2,1,1,0,1,2,2,1,1,234,10.824
