2,1,1,5,1,1,1,1,1,1,1,287,10.16
2,4,1,4,1,1,-1,1,1,1,1,223,11.38
2,6,1,3,1,-1,-1,1,1,-1,1,413,8.105
2,8,1,6,2,1,-1,2,1,-1,1,255,10.102
2,9,1,1,1,-1,1,1,1,1,0,243,10.35
2,11,1,3,2,1,-1,2,1,-1,1,208,10.388
2,13,1,3,2,1,1,2,1,1,1,418,9.0146
2,17,1,4,2,-1,-1,2,1,-1,1,317,7.9275
2,19,1,2,2,1,1,2,1,1,1,256,9.8293
2,20,1,4,2,1,1,1,1,1,1,214,11.01
2,22,1,6,1,-1,-1,1,1,-1,1,238,11.67
2,23,1,3,1,-1,1,2,1,1,1,296,10.484
2,25,1,3,2,-1,-1,2,1,-1,1,286,11.131
2,26,1,1,1,1,-1,1,1,1,1,322,10.332
2,27,1,6,1,1,-1,2,1,1,0,274,9.41
2,29,1,3,1,-1,1,2,1,-1,0,330,8.4507
2,31,1,6,1,1,1,1,1,1,1,284,10.568
2,36,1,2,2,-1,-1,1,1,-1,1,273,8.4215
2,37,1,6,1,1,1,1,1,1,1,222,10.987
2,39,1,4,2,1,-1,1,1,-1,0,275,9.1019
2,40,1,3,1,-1,-1,1,1,-1,1,229,10.371
2,41,1,6,2,1,1,2,1,-1,0,280,9.7955
2,43,1,2,2,1,-1,1,1,-1,0,278,8.5806
2,44,1,6,1,-1,-1,1,1,-1,1,275,9.6718
2,45,1,3,1,-1,1,1,1,1,0,304,8.86
2,46,1,4,1,-1,-1,2,1,1,0,259,9.7699
2,47,1,4,2,-1,-1,1,1,1,0,234,11.396
2,48,1,5,2,1,1,1,1,-1,0,257,9.0836
2,50,1,3,1,-1,1,1,1,-1,1,287,9.3862
2,51,1,1,2,1,-1,1,1,-1,0,247,8.4152
2,52,1,4,2,-1,1,1,1,-1,1,246,8.3269
2,55,1,2,2,1,-1,1,1,-1,0,227,8.4459
2,57,1,1,1,1,1,2,1,1,1,243,11.405
2,60,1,6,2,-1,1,1,1,1,0,264,9.1172
2,61,1,1,1,-1,1,1,1,-1,1,388,8.8177
2,62,1,6,1,-1,-1,2,1,1,0,371,8.4825
2,65,1,2,2,-1,1,1,1,-1,1,238,7.8771
2,66,1,6,1,1,1,1,1,1,1,211,11.777
2,68,1,6,2,1,-1,1,1,-1,0,220,8.3924
2,70,1,5,1,-1,-1,1,1,-1,1,208,12.543
2,72,1,3,2,-1,-1,1,1,1,0,218,8.0298
2,73,1,6,1,-1,1,1,1,1,0,242,9.3202
2,75,1,2,2,-1,-1,1,1,-1,1,278,8.0224
2,77,1,1,2,-1,-1,2,1,-1,1,206,9.8391
2,78,1,2,1,1,-1,2,1,1,0,274,8.5675
2,82,1,4,1,1,-1,1,1,1,1,297,10.046
2,83,1,2,1,1,1,1,1,1,1,299,8.8749
2,84,1,3,2,-1,1,2,1,1,1,336,9.8034
2,85,1,4,2,1,-1,1,1,-1,0,370,7.3981
2,86,1,4,1,1,-1,1,1,1,1,369,9.7727
2,87,1,6,1,1,1,2,1,1,1,415,8.5808
2,89,1,3,1,1,1,1,1,1,1,270,10.818
2,90,1,2,2,1,1,1,1,1,1,224,8.2272
2,91,1,6,1,-1,-1,2,1,-1,1,264,8.6592
2,93,1,6,1,-1,-1,1,1,-1,1,237,10.741
2,94,1,3,2,1,1,2,1,1,1,312,9.1291
2,96,1,1,1,-1,1,2,1,1,1,294,9.8356
2,100,1,4,1,-1,-1,1,1,1,0,300,11.155
2,102,1,4,1,1,-1,2,1,1,0,262,11.603
2,104,1,6,1,1,-1,1,1,1,1,392,10.782
2,106,1,3,2,1,-1,1,1,1,1,224,10.762
2,107,1,5,1,1,-1,1,1,1,1,205,10.227
2,109,1,4,2,-1,1,1,1,1,0,272,7.7444
2,111,1,4,1,1,-1,1,1,1,1,244,11.67
2,112,1,2,1,-1,-1,1,1,-1,1,349,10.368
2,117,1,6,1,1,1,1,1,1,1,290,10.917
2,119,1,6,1,-1,1,2,1,-1,0,266,10.875
2,121,1,1,1,-1,-1,1,1,-1,1,263,8.9755
2,122,1,2,1,-1,1,1,1,-1,1,445,8.523
2,123,1,1,2,-1,-1,2,1,-1,1,214,11.023
2,124,1,4,1,-1,-1,2,1,-1,1,234,10.917
2,126,1,1,2,1,-1,2,1,-1,1,325,7.9891
2,127,1,6,1,1,-1,2,1,1,0,292,8.1972
2,129,1,1,1,-1,-1,2,1,-1,1,320,9.9057
2,130,1,3,1,1,1,2,1,1,1,314,8.5537
2,131,1,3,1,1,1,2,1,1,1,307,9.0217
2,132,1,5,1,1,1,2,1,-1,0,234,10.873
2,134,1,1,1,-1,1,2,1,1,1,481,9.957
2,135,1,4,2,-1,-1,1,1,-1,1,279,7.9118
2,136,1,1,1,1,1,2,1,1,1,284,10.312
2,139,1,2,1,-1,-1,2,1,-1,1,297,9.4595
2,142,1,4,2,1,1,1,1,1,1,256,8.5692
2,143,1,4,1,1,-1,1,1,1,1,336,10.666
2,145,1,3,1,-1,1,2,1,-1,0,452,10.061
2,146,1,4,2,-1,1,2,1,1,1,386,9.1186
2,147,1,1,2,-1,-1,2,1,1,0,352,8.8859
2,148,1,4,2,-1,-1,2,1,-1,1,384,8.7404
2,153,1,5,1,-1,-1,2,1,-1,1,283,10.384
2,154,1,6,1,-1,-1,1,1,1,0,361,9.5847
2,157,1,4,1,-1,1,2,1,1,1,251,10.914
2,158,1,6,1,1,1,1,1,1,1,270,10.232
2,159,1,3,2,1,-1,2,1,-1,1,301,9.0379
2,160,1,2,1,-1,1,1,1,-1,1,235,9.9229
2,154,1,6,1,-1,-1,1,1,1,0,298,10.587
2,114,1,5,1,1,-1,2,1,-1,1,252,10.062
2,45,1,3,1,-1,1,1,1,1,0,312,9.2617
2,89,1,3,1,1,1,1,1,1,1,265,11.062
2,52,1,4,2,-1,1,1,1,1,0,386,7.4503
2,70,1,5,1,-1,-1,1,1,-1,1,282,9.4359
2,91,1,6,1,-1,-1,2,1,-1,1,272,10.721
2,159,1,3,2,1,-1,2,1,-1,1,290,8.3905
2,98,1,2,2,1,-1,1,1,1,1,452,10.26
2,110,1,3,2,-1,-1,2,1,-1,1,286,9.6516
2,110,1,3,2,-1,-1,2,1,-1,1,257,9.9978
2,64,1,6,2,-1,1,2,1,1,1,244,9.6861
3,1,0,2,0,-1,1,2,1,-1,0,NaN,NaN
3,2,0,6,0,-1,-1,1,1,1,0,NaN,NaN
3,3,0,6,0,1,-1,1,1,1,1,NaN,NaN
3,4,0,3,0,-1,-1,1,1,-1,1,NaN,NaN
3,5,0,3,0,-1,-1,2,1,-1,1,NaN,NaN
3,6,0,6,0,1,-1,2,1,-1,1,NaN,NaN
3,7,0,5,0,-1,-1,2,1,-1,1,NaN,NaN
3,8,0,1,0,-1,-1,1,1,1,0,NaN,NaN
3,9,0,1,0,-1,-1,2,1,-1,1,NaN,NaN
3,10,0,6,0,-1,1,1,1,1,0,NaN,NaN
3,11,0,1,0,1,1,1,1,-1,0,NaN,NaN
3,12,0,2,0,1,1,1,1,1,1,NaN,NaN
3,13,0,5,0,-1,-1,2,1,-1,1,NaN,NaN
3,14,0,6,0,-1,-1,1,1,1,0,NaN,NaN
3,15,0,3,0,-1,1,2,1,1,1,NaN,NaN
3,16,0,6,0,-1,-1,2,1,-1,1,NaN,NaN
3,17,0,3,0,-1,1,2,1,1,1,NaN,NaN
3,18,0,4,0,1,-1,2,1,-1,1,NaN,NaN
3,19,0,2,0,1,-1,1,1,-1,0,NaN,NaN
3,20,0,1,0,-1,1,1,1,1,0,NaN,NaN
3,21,0,6,0,-1,1,2,1,1,1,NaN,NaN
3,22,0,2,0,-1,1,1,1,1,0,NaN,NaN
3,23,0,1,0,1,1,1,1,-1,0,NaN,NaN
3,24,0,2,0,-1,1,2,1,-1,0,NaN,NaN
3,25,0,3,0,1,1,2,1,-1,0,NaN,NaN
3,26,0,6,0,-1,-1,2,1,-1,1,NaN,NaN
3,28,0,1,0,1,1,2,1,1,1,NaN,NaN
3,29,0,1,0,-1,-1,1,1,-1,1,NaN,NaN
3,30,0,6,0,1,1,1,1,1,1,NaN,NaN
3,31,0,3,0,1,-1,2,1,-1,1,NaN,NaN
3,32,0,1,0,-1,1,2,1,-1,0,NaN,NaN
3,33,0,4,0,1,1,2,1,1,1,NaN,NaN
3,34,0,3,0,1,1,1,1,-1,0,NaN,NaN
3,35,0,2,0,1,-1,2,1,-1,1,NaN,NaN
3,36,0,5,0,-1,-1,2,1,-1,1,NaN,NaN
3,37,0,3,0,-1,-1,1,1,-1,1,NaN,NaN
3,38,0,2,0,-1,1,2,1,1,1,NaN,NaN
3,39,0,3,0,-1,1,2,1,-1,0,NaN,NaN
3,40,0,4,0,-1,1,1,1,1,0,NaN,NaN
3,41,0,3,0,-1,1,2,1,1,1,NaN,NaN
3,42,0,2,0,1,-1,1,1,1,1,NaN,NaN
3,43,0,5,0,-1,-1,2,1,-1,1,NaN,NaN
3,44,0,1,0,1,1,1,1,-1,0,NaN,NaN
3,45,0,3,0,-1,1,1,1,1,0,NaN,NaN
3,46,0,2,0,1,1,2,1,1,1,NaN,NaN
3,47,0,3,0,1,-1,2,1,-1,1,NaN,NaN
3,48,0,6,0,-1,-1,2,1,-1,1,NaN,NaN
3,49,0,5,0,-1,-1,1,1,1,0,NaN,NaN
3,50,0,5,0,-1,-1,2,1,1,0,NaN,NaN
3,51,0,3,0,-1,1,2,1,1,1,NaN,NaN
3,52,0,3,0,1,1,2,1,1,1,NaN,NaN
3,53,0,4,0,1,1,1,1,1,1,NaN,NaN
3,54,0,2,0,-1,1,2,1,1,1,NaN,NaN
3,55,0,2,0,-1,1,2,1,1,1,NaN,NaN
3,57,0,1,0,1,1,1,1,-1,0,NaN,NaN
3,58,0,1,0,-1,-1,2,1,1,0,NaN,NaN
3,59,0,2,0,1,-1,1,1,1,1,NaN,NaN
3,60,0,4,0,-1,1,2,1,-1,0,NaN,NaN
3,61,0,3,0,-1,-1,2,1,1,0,NaN,NaN
3,62,0,3,0,-1,-1,2,1,-1,1,NaN,NaN
3,63,0,3,0,1,1,2,1,1,1,NaN,NaN
3,64,0,5,0,1,1,1,1,1,1,NaN,NaN
3,65,0,2,0,-1,-1,1,1,-1,1,NaN,NaN
3,66,0,1,0,-1,1,2,1,-1,0,NaN,NaN
3,67,0,6,0,-1,-1,2,1,1,0,NaN,NaN
3,68,0,3,0,1,-1,2,1,-1,1,NaN,NaN
3,69,0,2,0,1,-1,1,1,1,1,NaN,NaN
3,70,0,5,0,1,-1,1,1,-1,0,NaN,NaN
3,71,0,6,0,-1,1,1,1,1,0,NaN,NaN
3,72,0,5,0,-1,1,1,1,1,0,NaN,NaN
3,76,0,6,0,-1,1,2,1,1,1,NaN,NaN
3,77,0,1,0,1,1,1,1,-1,0,NaN,NaN
3,78,0,4,0,-1,1,1,1,-1,1,NaN,NaN
3,79,0,3,0,1,-1,2,1,-1,1,NaN,NaN
3,80,0,6,0,-1,-1,2,1,-1,1,NaN,NaN
3,81,0,4,0,-1,1,2,1,1,1,NaN,NaN
3,82,0,4,0,1,1,2,1,1,1,NaN,NaN
3,83,0,1,0,1,1,1,1,1,1,NaN,NaN
3,84,0,2,0,1,-1,2,1,1,0,NaN,NaN
3,85,0,2,0,1,-1,2,1,1,0,NaN,NaN
3,86,0,3,0,1,-1,2,1,-1,1,NaN,NaN
3,87,0,4,0,1,-1,2,1,-1,1,NaN,NaN
3,88,0,2,0,-1,-1,2,1,1,0,NaN,NaN
3,89,0,3,0,-1,-1,1,1,-1,1,NaN,NaN
3,90,0,6,0,1,-1,2,1,-1,1,NaN,NaN
3,91,0,3,0,-1,-1,1,1,1,0,NaN,NaN
3,92,0,4,0,1,-1,1,1,-1,0,NaN,NaN
3,93,0,5,0,-1,1,2,1,-1,0,NaN,NaN
3,94,0,4,0,1,1,1,1,1,1,NaN,NaN
3,95,0,3,0,1,-1,1,1,1,1,NaN,NaN
3,96,0,5,0,-1,-1,1,1,-1,1,NaN,NaN
3,97,0,4,0,1,-1,2,1,-1,1,NaN,NaN
3,98,0,2,0,-1,-1,1,1,1,0,NaN,NaN
3,99,0,4,0,1,-1,1,1,-1,0,NaN,NaN
3,100,0,5,0,1,1,2,1,1,1,NaN,NaN
3,101,0,6,0,1,-1,1,1,-1,0,NaN,NaN
3,102,0,2,0,1,1,1,1,1,1,NaN,NaN
3,103,0,6,0,1,-1,2,1,-1,1,NaN,NaN
3,104,0,5,0,1,1,2,1,1,1,NaN,NaN
3,105,0,4,0,1,-1,1,1,-1,0,NaN,NaN
3,106,0,1,0,1,1,2,1,1,1,NaN,NaN
3,107,0,3,0,-1,-1,1,1,-1,1,NaN,NaN
3,108,0,1,0,-1,-1,1,1,1,0,NaN,NaN
3,109,0,4,0,-1,-1,1,1,-1,1,NaN,NaN
3,110,0,5,0,1,1,2,1,1,1,NaN,NaN
3,111,0,2,0,1,1,1,1,1,1,NaN,NaN
3,112,0,3,0,-1,-1,2,1,1,0,NaN,NaN
3,113,0,5,0,1,-1,1,1,-1,0,NaN,NaN
3,114,0,3,0,1,-1,2,1,-1,1,NaN,NaN
3,115,0,4,0,-1,1,1,1,1,0,NaN,NaN
3,116,0,5,0,1,-1,2,1,-1,1,NaN,NaN
3,117,0,1,0,1,1,1,1,1,1,NaN,NaN
3,118,0,2,0,-1,1,1,1,1,0,NaN,NaN
3,119,0,3,0,-1,-1,2,1,1,0,NaN,NaN
3,120,0,1,0,1,-1,2,1,-1,1,NaN,NaN
3,121,0,4,0,1,1,2,1,-1,0,NaN,NaN
3,122,0,2,0,-1,-1,2,1,-1,1,NaN,NaN
3,123,0,5,0,1,1,2,1,1,1,NaN,NaN
3,124,0,3,0,1,1,2,1,1,1,NaN,NaN
3,125,0,6,0,-1,1,2,1,1,1,NaN,NaN
3,126,0,3,0,1,1,1,1,1,1,NaN,NaN
3,127,0,6,0,-1,1,2,1,1,1,NaN,NaN
3,128,0,5,0,-1,-1,1,1,-1,1,NaN,NaN
3,129,0,5,0,1,1,1,1,1,1,NaN,NaN
3,130,0,2,0,1,1,1,1,-1,0,NaN,NaN
3,131,0,5,0,1,-1,2,1,1,0,NaN,NaN
3,132,0,2,0,1,-1,2,1,-1,1,NaN,NaN
3,133,0,6,0,1,-1,2,1,-1,1,NaN,NaN
3,134,0,4,0,-1,1,1,1,-1,1,NaN,NaN
3,135,0,5,0,-1,-1,2,1,-1,1,NaN,NaN
3,136,0,3,0,1,1,2,1,1,1,NaN,NaN
3,137,0,5,0,-1,1,2,1,-1,0,NaN,NaN
3,138,0,4,0,1,1,2,1,1,1,NaN,NaN
3,140,0,4,0,1,1,2,1,1,1,NaN,NaN
3,142,0,1,0,1,-1,2,1,-1,1,NaN,NaN
3,143,0,4,0,-1,-1,2,1,-1,1,NaN,NaN
3,144,0,6,0,1,-1,1,1,-1,0,NaN,NaN
3,145,0,5,0,-1,1,2,1,1,1,NaN,NaN
3,146,0,5,0,1,-1,1,1,-1,0,NaN,NaN
3,148,0,2,0,1,1,2,1,1,1,NaN,NaN
3,149,0,6,0,1,1,2,1,-1,0,NaN,NaN
3,150,0,6,0,-1,-1,1,1,-1,1,NaN,NaN
3,151,0,1,0,-1,1,1,1,-1,1,NaN,NaN
3,154,0,6,0,1,-1,2,1,-1,1,NaN,NaN
3,155,0,1,0,1,-1,1,1,1,1,NaN,NaN
3,156,0,5,0,-1,1,1,1,1,0,NaN,NaN
3,157,0,5,0,-1,-1,1,1,-1,1,NaN,NaN
3,158,0,4,0,1,1,2,1,1,1,NaN,NaN
3,160,0,6,0,-1,1,1,1,-1,1,NaN,NaN
3,56,0,5,0,1,-1,1,1,-1,0,NaN,NaN
3,73,0,6,0,1,1,1,1,1,1,NaN,NaN
3,74,0,1,0,1,-1,2,1,-1,1,NaN,NaN
3,75,0,6,0,1,-1,2,1,1,0,NaN,NaN
3,153,0,6,0,1,-1,1,1,-1,0,NaN,NaN
4,4,1,6,2,1,1,1,1,1,1,251,11.645
4,6,1,5,1,-1,1,1,1,1,0,227,13.68
4,9,1,3,1,1,-1,2,1,1,0,224,14.657
4,10,1,6,1,1,1,1,1,1,1,228,12.999
4,11,1,2,1,1,-1,1,1,1,1,238,13.007
4,12,1,4,2,-1,-1,2,1,-1,1,260,10.999
4,16,1,2,1,1,1,1,1,1,1,204,12.136
4,17,1,6,2,-1,1,1,1,1,0,332,9.9573
4,19,1,3,2,-1,1,1,1,1,0,251,12.566
4,22,1,2,2,-1,-1,2,1,-1,1,216,11.204
4,26,1,4,2,1,1,1,1,1,1,234,10.151
4,27,1,2,2,1,-1,2,1,1,0,208,10.247
4,28,1,6,1,1,-1,1,1,-1,0,204,11.506
4,29,1,4,1,1,1,2,1,1,1,249,12.541
4,32,1,2,1,-1,-1,1,1,1,0,221,12.177
4,33,1,6,1,-1,-1,2,1,-1,1,242,12.299
4,34,1,4,1,1,-1,1,1,1,1,207,12.716
4,35,1,4,1,-1,-1,2,1,-1,1,223,11.243
4,36,1,3,2,1,-1,2,1,1,0,228,10.217
4,41,1,5,2,1,-1,2,1,-1,1,216,11.118
4,46,1,3,1,1,-1,1,1,1,1,205,14.695
4,47,1,5,1,-1,-1,2,1,-1,1,213,14.209
4,50,1,2,1,-1,1,2,1,1,1,206,13.286
4,51,1,5,2,1,1,1,1,1,1,234,10.764
4,52,1,6,2,-1,-1,2,1,-1,1,216,10.565
4,53,1,3,2,-1,1,2,1,1,1,251,10.777
4,54,1,2,2,-1,-1,1,1,-1,1,264,10.628
4,55,1,4,1,-1,-1,2,1,-1,1,267,11.818
4,56,1,5,2,-1,1,2,1,1,1,213,10.252
4,58,1,3,2,-1,1,2,1,1,1,259,11.791
4,59,1,1,2,-1,-1,1,1,1,0,227,9.103
4,60,1,5,1,1,1,2,1,1,1,293,13.055
4,61,1,3,1,-1,-1,1,1,-1,1,220,12.482
4,62,1,3,2,1,1,2,1,1,1,211,10.196
4,63,1,5,1,-1,1,1,1,-1,1,276,12.549
4,64,1,5,2,1,-1,1,1,-1,0,222,10.127
4,67,1,1,2,-1,1,1,1,-1,1,200,10.61
4,69,1,4,2,-1,1,2,1,1,1,207,12.006
4,70,1,2,2,1,-1,1,1,1,1,207,11.564
4,73,1,1,2,1,1,2,1,1,1,251,10.59
4,74,1,4,1,1,1,1,1,1,1,226,13.266
4,75,1,1,2,-1,-1,2,1,-1,1,206,10.821
4,77,1,4,2,1,-1,2,1,-1,1,201,10.416
4,78,1,3,1,-1,1,2,1,-1,0,234,12.673
4,79,1,3,1,1,-1,2,1,1,0,214,11.704
4,81,1,3,1,1,-1,2,1,1,0,219,11.595
4,85,1,2,1,1,-1,2,1,1,0,220,13.867
4,87,1,5,2,1,1,1,1,1,1,208,10.131
4,88,1,4,2,1,1,1,1,1,1,218,10.968
4,89,1,6,2,1,1,1,1,1,1,247,10.878
4,90,1,1,2,1,1,2,1,-1,0,231,10.07
4,96,1,4,2,1,-1,1,1,-1,0,219,9.6842
4,99,1,4,1,-1,-1,2,1,-1,1,199,12.762
4,100,1,2,1,-1,-1,2,1,1,0,225,13.58
4,101,1,6,1,-1,-1,2,1,-1,1,214,13.662
4,102,1,6,2,-1,1,2,1,1,1,231,10.988
4,103,1,3,1,-1,1,1,1,1,0,232,13.192
4,104,1,1,1,1,-1,2,1,-1,1,210,11.693
4,106,1,4,2,-1,-1,1,1,-1,1,280,18.146
4,109,1,1,1,1,1,1,1,-1,0,210,12.061
4,115,1,6,1,1,-1,1,1,1,1,222,12.891
4,117,1,6,1,1,-1,2,1,1,0,209,13.029
4,118,1,5,2,-1,-1,1,1,-1,1,270,11.343
4,119,1,4,1,-1,1,2,1,-1,0,246,11.13
4,120,1,2,1,-1,1,1,1,1,0,217,11.45
4,121,1,5,1,-1,1,2,1,-1,0,204,13.059
4,122,1,3,1,1,-1,1,1,1,1,201,12.376
4,123,1,3,1,1,-1,2,1,1,0,257,12.89
4,124,1,3,2,1,-1,2,1,-1,1,237,10.729
4,125,1,1,2,-1,-1,2,1,-1,1,253,10.772
4,127,1,2,1,-1,-1,2,1,1,0,205,10.407
4,129,1,2,1,-1,1,1,1,1,0,235,13.589
4,130,1,1,1,1,-1,2,1,-1,1,217,13.692
4,131,1,3,1,-1,1,2,1,-1,0,208,12.752
4,133,1,3,1,1,1,1,1,1,1,230,12.706
4,134,1,2,2,-1,1,1,1,1,0,209,11.282
4,135,1,5,1,1,1,2,1,1,1,215,12.288
4,136,1,2,1,-1,1,2,1,1,1,213,11.199
4,138,1,5,1,1,-1,2,1,1,0,212,11.44
4,139,1,3,2,-1,-1,2,1,-1,1,252,11.686
4,142,1,3,2,1,-1,2,1,-1,1,209,10.79
4,143,1,4,2,1,-1,2,1,-1,1,246,11.212
4,148,1,4,2,-1,1,2,1,1,1,235,11.795
4,150,1,5,1,1,-1,2,1,1,0,254,12.948
4,153,1,4,2,1,-1,2,1,1,0,245,11.669
4,154,1,6,1,1,-1,1,1,1,1,258,11.87
4,156,1,4,1,-1,1,2,1,-1,0,220,12.23
4,157,1,6,1,-1,-1,1,1,-1,1,238,11.996
4,158,1,5,2,1,-1,2,1,-1,1,236,11.874
4,159,1,3,1,1,1,2,1,1,1,251,11.328
4,160,1,4,2,-1,-1,2,1,-1,1,236,11.612
4,128,1,4,2,-1,-1,2,1,-1,1,286,11.584
4,13,1,2,2,1,1,1,1,1,1,259,9.8443
4,125,1,1,2,-1,-1,2,1,-1,1,223,9.5125
4,52,1,6,2,-1,-1,2,1,-1,1,233,11.306
4,70,1,2,2,1,-1,1,1,-1,0,212,11.517
4,89,1,6,2,1,1,1,1,1,1,208,10.006
4,51,1,5,2,1,1,1,1,1,1,206,11.216
5,1,0,1,0,1,1,2,1,1,1,NaN,NaN
5,2,0,2,0,-1,-1,2,1,-1,1,NaN,NaN
5,3,0,6,0,-1,-1,2,1,-1,1,NaN,NaN
5,4,0,6,0,1,-1,2,1,-1,1,NaN,NaN
5,5,0,5,0,1,1,2,1,1,1,NaN,NaN
5,6,0,4,0,-1,1,2,1,1,1,NaN,NaN
5,7,0,4,0,1,-1,1,1,1,1,NaN,NaN
5,8,0,1,0,-1,-1,2,1,-1,1,NaN,NaN
5,9,0,5,0,-1,1,2,1,-1,0,NaN,NaN
5,10,0,1,0,1,1,2,1,1,1,NaN,NaN
5,11,0,5,0,1,1,1,1,1,1,NaN,NaN
5,12,0,4,0,-1,1,1,1,1,0,NaN,NaN
5,13,0,3,0,-1,-1,1,1,-1,1,NaN,NaN
5,14,0,5,0,1,1,2,1,1,1,NaN,NaN
5,15,0,6,0,-1,1,1,1,-1,1,NaN,NaN
5,16,0,3,0,-1,1,1,1,1,0,NaN,NaN
5,17,0,3,0,1,-1,2,1,-1,1,NaN,NaN
5,18,0,1,0,1,1,2,1,1,1,NaN,NaN
5,19,0,4,0,1,1,2,1,1,1,NaN,NaN
5,20,0,4,0,-1,1,2,1,1,1,NaN,NaN
5,21,0,5,0,1,-1,1,1,-1,0,NaN,NaN
5,22,0,6,0,-1,1,2,1,1,1,NaN,NaN
5,23,0,6,0,-1,1,1,1,1,0,NaN,NaN
5,24,0,5,0,-1,1,1,1,-1,1,NaN,NaN
5,25,0,5,0,-1,-1,2,1,-1,1,NaN,NaN
5,26,0,2,0,1,-1,1,1,1,1,NaN,NaN
5,27,0,6,0,-1,1,1,1,1,0,NaN,NaN
5,28,0,6,0,1,-1,1,1,-1,0,NaN,NaN
5,29,0,3,0,-1,-1,1,1,1,0,NaN,NaN
5,30,0,4,0,-1,1,2,1,1,1,NaN,NaN
5,31,0,2,0,-1,-1,2,1,1,0,NaN,NaN
5,32,0,1,0,-1,1,2,1,-1,0,NaN,NaN
5,33,0,4,0,1,-1,1,1,-1,0,NaN,NaN
5,34,0,5,0,-1,-1,1,1,-1,1,NaN,NaN
5,35,0,4,0,-1,-1,2,1,-1,1,NaN,NaN
5,36,0,1,0,1,-1,2,1,1,0,NaN,NaN
5,37,0,4,0,1,1,2,1,-1,0,NaN,NaN
5,38,0,3,0,-1,-1,1,1,-1,1,NaN,NaN
5,39,0,4,0,-1,-1,1,1,-1,1,NaN,NaN
5,40,0,6,0,1,1,1,1,-1,0,NaN,NaN
5,41,0,5,0,-1,1,1,1,1,0,NaN,NaN
5,42,0,5,0,-1,1,2,1,1,1,NaN,NaN
5,43,0,6,0,1,-1,2,1,-1,1,NaN,NaN
5,44,0,6,0,-1,1,1,1,-1,1,NaN,NaN
5,45,0,3,0,-1,-1,1,1,-1,1,NaN,NaN
5,46,0,6,0,-1,-1,2,1,-1,1,NaN,NaN
5,47,0,6,0,1,1,1,1,1,1,NaN,NaN
5,48,0,5,0,-1,1,2,1,1,1,NaN,NaN
5,49,0,6,0,-1,1,1,1,-1,1,NaN,NaN
5,50,0,6,0,1,-1,1,1,-1,0,NaN,NaN
5,51,0,2,0,1,1,1,1,1,1,NaN,NaN
5,52,0,5,0,1,-1,2,1,-1,1,NaN,NaN
5,53,0,4,0,-1,-1,2,1,1,0,NaN,NaN
5,54,0,3,0,1,1,1,1,1,1,NaN,NaN
5,55,0,4,0,-1,1,2,1,-1,0,NaN,NaN
5,56,0,1,0,-1,1,2,1,1,1,NaN,NaN
5,57,0,2,0,-1,1,2,1,1,1,NaN,NaN
5,58,0,6,0,-1,1,2,1,1,1,NaN,NaN
5,59,0,3,0,-1,-1,1,1,-1,1,NaN,NaN
5,60,0,1,0,1,-1,2,1,1,0,NaN,NaN
5,61,0,2,0,-1,-1,1,1,-1,1,NaN,NaN
5,62,0,4,0,-1,1,2,1,1,1,NaN,NaN
5,63,0,5,0,1,-1,2,1,1,0,NaN,NaN
5,64,0,5,0,1,1,2,1,1,1,NaN,NaN
5,65,0,1,0,1,-1,1,1,-1,0,NaN,NaN
5,66,0,5,0,-1,-1,1,1,1,0,NaN,NaN
5,67,0,3,0,1,-1,2,1,-1,1,NaN,NaN
5,68,0,3,0,-1,-1,2,1,1,0,NaN,NaN
5,69,0,2,0,-1,-1,2,1,-1,1,NaN,NaN
5,70,0,3,0,1,1,1,1,1,1,NaN,NaN
5,71,0,2,0,-1,1,2,1,1,1,NaN,NaN
5,72,0,6,0,-1,1,2,1,1,1,NaN,NaN
5,73,0,5,0,-1,-1,1,1,1,0,NaN,NaN
5,74,0,3,0,1,-1,2,1,-1,1,NaN,NaN
5,75,0,1,0,1,-1,1,1,-1,0,NaN,NaN
5,76,0,1,0,-1,-1,1,1,1,0,NaN,NaN
5,77,0,6,0,1,-1,1,1,-1,0,NaN,NaN
5,78,0,6,0,1,-1,2,1,-1,1,NaN,NaN
5,79,0,4,0,-1,-1,1,1,-1,1,NaN,NaN
5,80,0,4,0,1,-1,2,1,1,0,NaN,NaN
5,81,0,5,0,-1,-1,2,1,-1,1,NaN,NaN
5,82,0,5,0,-1,-1,1,1,-1,1,NaN,NaN
5,83,0,6,0,-1,1,1,1,1,0,NaN,NaN
5,84,0,2,0,1,-1,2,1,1,0,NaN,NaN
5,85,0,3,0,1,-1,1,1,-1,0,NaN,NaN
5,86,0,4,0,1,1,2,1,1,1,NaN,NaN
5,87,0,2,0,1,-1,1,1,1,1,NaN,NaN
5,88,0,3,0,1,-1,2,1,-1,1,NaN,NaN
5,89,0,3,0,-1,-1,1,1,1,0,NaN,NaN
5,90,0,3,0,-1,-1,1,1,1,0,NaN,NaN
5,91,0,4,0,1,1,1,1,-1,0,NaN,NaN
5,92,0,3,0,-1,-1,1,1,1,0,NaN,NaN
5,93,0,3,0,1,-1,1,1,-1,0,NaN,NaN
5,94,0,6,0,-1,1,2,1,1,1,NaN,NaN
5,95,0,6,0,-1,-1,2,1,-1,1,NaN,NaN
5,96,0,2,0,1,-1,1,1,1,1,NaN,NaN
5,97,0,2,0,1,1,2,1,1,1,NaN,NaN
5,98,0,4,0,-1,-1,2,1,1,0,NaN,NaN
5,99,0,1,0,1,1,2,1,-1,0,NaN,NaN
5,100,0,6,0,-1,1,1,1,-1,1,NaN,NaN
5,101,0,6,0,-1,1,1,1,-1,1,NaN,NaN
5,102,0,5,0,-1,-1,2,1,1,0,NaN,NaN
5,103,0,1,0,-1,-1,2,1,-1,1,NaN,NaN
5,104,0,5,0,-1,1,2,1,1,1,NaN,NaN
5,105,0,5,0,-1,-1,2,1,-1,1,NaN,NaN
5,106,0,3,0,1,-1,1,1,1,1,NaN,NaN
5,107,0,6,0,1,-1,1,1,-1,0,NaN,NaN
5,108,0,1,0,1,1,1,1,1,1,NaN,NaN
5,109,0,4,0,1,-1,1,1,-1,0,NaN,NaN
5,110,0,6,0,-1,-1,2,1,1,0,NaN,NaN
5,111,0,5,0,1,-1,2,1,-1,1,NaN,NaN
5,112,0,3,0,1,-1,2,1,-1,1,NaN,NaN
5,113,0,2,0,-1,-1,1,1,1,0,NaN,NaN
5,114,0,1,0,-1,-1,1,1,1,0,NaN,NaN
5,115,0,6,0,-1,1,1,1,-1,1,NaN,NaN
5,117,0,3,0,1,-1,1,1,1,1,NaN,NaN
5,118,0,6,0,1,1,2,1,1,1,NaN,NaN
5,119,0,3,0,1,1,2,1,-1,0,NaN,NaN
5,120,0,2,0,1,-1,1,1,1,1,NaN,NaN
5,121,0,4,0,1,-1,1,1,1,1,NaN,NaN
5,122,0,3,0,1,1,2,1,-1,0,NaN,NaN
5,123,0,6,0,-1,1,1,1,-1,1,NaN,NaN
5,124,0,5,0,1,-1,1,1,1,1,NaN,NaN
5,125,0,3,0,1,-1,2,1,-1,1,NaN,NaN
5,126,0,2,0,-1,1,2,1,1,1,NaN,NaN
5,127,0,6,0,-1,-1,2,1,-1,1,NaN,NaN
5,128,0,3,0,1,-1,1,1,-1,0,NaN,NaN
5,129,0,5,0,1,-1,2,1,1,0,NaN,NaN
5,130,0,2,0,-1,1,2,1,-1,0,NaN,NaN
5,131,0,5,0,-1,1,2,1,1,1,NaN,NaN
5,132,0,3,0,-1,1,1,1,1,0,NaN,NaN
5,133,0,4,0,-1,-1,1,1,-1,1,NaN,NaN
5,134,0,4,0,1,1,2,1,-1,0,NaN,NaN
5,135,0,1,0,1,-1,2,1,1,0,NaN,NaN
5,136,0,2,0,-1,1,2,1,1,1,NaN,NaN
5,138,0,1,0,1,-1,1,1,1,1,NaN,NaN
5,139,0,4,0,-1,1,2,1,1,1,NaN,NaN
5,140,0,4,0,1,-1,2,1,-1,1,NaN,NaN
5,141,0,1,0,1,-1,1,1,1,1,NaN,NaN
5,142,0,6,0,1,-1,1,1,-1,0,NaN,NaN
5,143,0,6,0,-1,1,1,1,1,0,NaN,NaN
5,144,0,3,0,-1,1,1,1,1,0,NaN,NaN
5,145,0,5,0,1,-1,2,1,-1,1,NaN,NaN
5,146,0,1,0,-1,1,2,1,1,1,NaN,NaN
5,147,0,3,0,-1,1,1,1,-1,1,NaN,NaN
5,148,0,6,0,1,1,1,1,1,1,NaN,NaN
5,149,0,5,0,-1,1,2,1,1,1,NaN,NaN
5,151,0,2,0,-1,1,1,1,-1,1,NaN,NaN
5,153,0,4,0,1,-1,1,1,-1,0,NaN,NaN
5,154,0,3,0,1,1,2,1,1,1,NaN,NaN
5,155,0,1,0,1,1,2,1,1,1,NaN,NaN
5,156,0,5,0,-1,1,2,1,1,1,NaN,NaN
5,157,0,4,0,-1,1,1,1,1,0,NaN,NaN
5,158,0,4,0,-1,1,1,1,1,0,NaN,NaN
5,159,0,6,0,1,-1,2,1,-1,1,NaN,NaN
5,160,0,3,0,1,1,2,1,1,1,NaN,NaN
5,137,0,5,0,1,1,1,1,1,1,NaN,NaN
6,3,1,1,2,-1,-1,1,1,1,0,279,9.135
6,5,1,6,2,1,-1,1,1,-1,0,225,9.3981
6,6,1,1,2,1,-1,1,1,1,1,252,9.4673
6,7,1,4,1,-1,-1,2,1,-1,1,256,10.295
6,8,1,1,2,1,-1,2,1,1,0,322,8.3124
6,10,1,6,1,1,-1,2,1,1,0,252,10.235
6,12,1,2,2,1,-1,2,1,-1,1,292,7.7166
6,13,1,1,2,1,-1,2,1,1,0,242,7.6855
6,15,1,1,2,1,1,1,1,-1,0,218,8.9017
6,16,1,5,2,1,1,1,1,1,1,283,7.7901
6,17,1,3,2,1,1,2,1,1,1,255,9.8105
6,18,1,6,1,-1,1,2,1,1,1,292,9.7954
6,19,1,6,2,1,1,1,1,-1,0,262,7.8092
6,20,1,4,1,-1,-1,1,1,-1,1,288,9.4314
6,21,1,1,2,-1,1,2,1,1,1,264,9.5147
6,22,1,1,2,-1,-1,1,1,-1,1,316,7.6594
6,25,1,3,2,1,-1,1,1,-1,0,280,8.9642
6,26,1,4,2,-1,-1,2,1,-1,1,270,9.4545
6,28,1,4,1,1,1,2,1,-1,0,310,9.3931
6,30,1,2,2,-1,1,1,1,-1,1,274,8.6595
6,32,1,1,2,-1,1,2,1,1,1,223,8.2915
6,34,1,5,1,-1,1,1,1,1,0,252,9.2919
6,36,1,4,1,-1,1,2,1,1,1,298,8.0898
6,39,1,3,1,1,-1,1,1,1,1,253,8.3477
6,41,1,3,1,-1,1,2,1,1,1,322,8.3309
6,43,1,4,1,1,-1,2,1,1,0,327,8.5576
6,44,1,4,1,-1,-1,2,1,-1,1,304,7.7516
6,47,1,2,2,1,1,2,1,-1,0,245,7.2583
6,48,1,3,2,1,-1,2,1,1,0,267,8.0784
6,50,1,4,2,-1,1,1,1,1,0,253,8.1721
6,51,1,4,2,-1,-1,2,1,-1,1,242,9.7837
6,53,1,2,2,-1,1,1,1,1,0,285,7.5544
6,55,1,4,1,1,-1,2,1,1,0,263,8.0336
6,58,1,4,2,-1,-1,1,1,-1,1,235,7.9035
6,60,1,2,2,1,1,2,1,1,1,222,7.6482
6,61,1,3,1,-1,1,2,1,1,1,287,9.2525
6,63,1,6,1,-1,1,2,1,-1,0,320,9.9984
6,65,1,2,1,1,-1,2,1,1,0,256,10.343
6,66,1,6,1,-1,-1,2,1,-1,1,259,10.546
6,67,1,6,2,-1,-1,2,1,-1,1,284,7.9918
6,68,1,3,2,-1,-1,1,1,-1,1,282,8.741
6,70,1,2,2,1,-1,2,1,-1,1,308,8.2814
6,71,1,2,2,-1,-1,2,1,-1,1,417,6.5581
6,72,1,2,1,1,1,1,1,1,1,292,9.8653
6,74,1,5,2,1,-1,2,1,-1,1,303,8.281
6,76,1,4,2,-1,1,2,1,-1,0,228,10.421
6,77,1,6,2,-1,-1,1,1,1,0,215,9.5522
6,79,1,2,1,1,1,2,1,-1,0,253,10.319
6,80,1,4,2,-1,-1,2,1,-1,1,272,8.4813
6,81,1,6,1,-1,-1,1,1,1,0,222,9.6708
6,82,1,2,1,1,1,1,1,1,1,335,8.6787
6,83,1,6,2,-1,1,2,1,-1,0,289,8.1969
6,85,1,6,1,1,-1,2,1,1,0,229,9.8749
6,86,1,1,1,1,-1,2,1,-1,1,322,8.2122
6,89,1,6,2,1,-1,1,1,1,1,285,9.3496
6,94,1,6,2,1,-1,2,1,-1,1,250,9.4179
6,95,1,5,2,1,-1,1,1,-1,0,265,9.4406
6,97,1,1,2,-1,-1,1,1,-1,1,291,8.1654
6,99,1,2,2,1,1,1,1,1,1,209,9.3572
6,102,1,4,2,1,-1,2,1,-1,1,381,8.4451
6,103,1,4,2,-1,-1,1,1,-1,1,302,7.3942
6,106,1,6,1,-1,-1,2,1,-1,1,386,9.386
6,110,1,4,2,-1,1,1,1,1,0,209,10.356
6,111,1,6,2,-1,-1,1,1,-1,1,268,9.1952
6,112,1,2,1,1,1,1,1,1,1,269,8.9449
6,113,1,5,1,1,-1,1,1,1,1,239,10.556
6,114,1,2,2,1,1,1,1,-1,0,334,8.2478
6,115,1,4,2,1,1,2,1,1,1,235,8.1456
6,116,1,1,1,-1,-1,2,1,1,0,245,8.4586
6,118,1,6,2,-1,-1,2,1,-1,1,266,10.43
6,119,1,1,1,-1,-1,1,1,1,0,245,7.3289
6,120,1,5,2,1,1,1,1,-1,0,223,7.9304
6,121,1,5,2,-1,-1,2,1,-1,1,420,8.7145
6,122,1,4,1,1,1,2,1,1,1,252,9.6671
6,123,1,4,2,-1,1,2,1,1,1,436,7.9906
6,124,1,5,1,-1,-1,2,1,1,0,248,9.6591
6,126,1,2,2,-1,-1,2,1,-1,1,233,9.6899
6,127,1,4,2,-1,1,1,1,1,0,372,9.8366
6,128,1,6,1,-1,1,1,1,1,0,226,9.0963
6,130,1,2,1,1,1,2,1,-1,0,281,9.5817
6,136,1,2,1,-1,1,2,1,-1,0,280,7.5712
6,138,1,3,2,1,-1,1,1,-1,0,249,8.1481
6,139,1,1,2,-1,1,2,1,1,1,277,8.236
6,142,1,1,2,1,-1,1,1,1,1,316,9.7447
6,143,1,2,1,1,-1,2,1,1,0,236,9.2564
6,144,1,4,2,1,1,1,1,1,1,271,8.8722
6,145,1,2,1,1,-1,2,1,1,0,247,8.2333
6,146,1,1,1,1,-1,1,1,-1,0,280,9.9014
6,147,1,2,2,1,-1,2,1,-1,1,249,9.7593
6,148,1,4,1,-1,1,2,1,-1,0,262,9.2094
6,149,1,3,1,-1,-1,1,1,-1,1,287,9.172
6,150,1,1,2,-1,-1,2,1,-1,1,277,9.1516
6,154,1,4,1,1,1,1,1,1,1,301,8.6453
6,155,1,6,1,1,1,1,1,1,1,251,9.6626
6,156,1,2,1,-1,-1,2,1,1,0,344,8.2211
6,158,1,2,2,-1,-1,1,1,-1,1,241,10.305
6,160,1,1,1,1,1,2,1,1,1,249,8.7962
6,85,1,6,1,1,-1,2,1,1,0,250,7.9151
6,47,1,2,2,1,1,2,1,1,1,254,7.5161
6,95,1,5,2,1,-1,1,1,-1,0,259,9.054
6,134,1,1,1,1,-1,1,1,1,1,287,9.0016
6,48,1,3,2,1,-1,2,1,-1,1,216,9.7594
6,71,1,2,2,-1,-1,2,1,1,0,224,10.561
6,47,1,2,2,1,1,2,1,1,1,240,8.1989
7,3,1,3,1,1,-1,2,1,1,0,259,9.7992
7,5,1,1,2,1,1,2,1,-1,0,210,9.6457
7,12,1,2,1,1,-1,2,1,-1,1,207,8.2998
7,13,1,2,2,1,1,1,1,1,1,222,9.579
7,16,1,2,1,-1,-1,1,1,1,0,240,9.6072
7,19,1,2,1,-1,1,1,1,-1,1,280,8.2345
7,21,1,4,2,-1,1,1,1,1,0,379,10.487
7,23,1,5,1,1,-1,1,1,1,1,299,7.876
7,24,1,5,2,1,1,2,1,1,1,245,9.2589
7,25,1,1,1,-1,1,1,1,1,0,292,9.4149
7,26,1,3,2,1,-1,2,1,1,0,227,10.287
7,27,1,5,1,1,-1,2,1,1,0,204,9.122
7,28,1,3,2,-1,1,1,1,-1,1,261,9.0692
7,30,1,2,2,1,1,2,1,-1,0,305,8.0251
7,32,1,2,2,1,1,1,1,1,1,265,8.9166
7,33,1,3,2,1,-1,1,1,-1,0,257,8.5392
7,34,1,1,2,-1,-1,1,1,1,0,259,7.6212
7,35,1,2,1,1,1,2,1,1,1,251,8.953
7,37,1,3,1,1,-1,2,1,1,0,391,9.9165
7,38,1,3,1,1,1,1,1,1,1,283,9.2882
7,40,1,5,2,-1,-1,1,1,-1,1,249,8.9823
7,41,1,6,1,-1,-1,1,1,-1,1,245,9.6536
7,42,1,2,2,-1,1,1,1,1,0,254,9.8929
7,43,1,3,1,1,1,2,1,1,1,244,9.3747
7,45,1,5,2,1,-1,2,1,-1,1,277,14.49
7,46,1,6,2,-1,1,2,1,-1,0,241,9.0756
7,47,1,3,1,-1,1,1,1,1,0,247,9.4844
7,48,1,2,2,-1,-1,1,1,-1,1,211,10.156
7,49,1,2,2,-1,1,2,1,1,1,301,10.619
7,50,1,6,2,-1,1,2,1,1,1,211,9.2287
7,51,1,2,1,1,-1,1,1,1,1,235,7.8178
7,52,1,6,2,-1,1,1,1,1,0,266,8.25
7,55,1,2,1,1,1,2,1,1,1,328,7.8058
7,57,1,3,2,-1,1,2,1,1,1,421,7.7138
7,58,1,5,1,1,1,1,1,1,1,268,10.281
7,61,1,2,1,-1,-1,1,1,1,0,246,9.7306
7,62,1,4,2,-1,-1,1,1,-1,1,321,8.0474
7,64,1,6,2,-1,1,2,1,-1,0,369,10.264
7,65,1,6,2,1,1,2,1,-1,0,317,9.5483
7,68,1,2,1,-1,1,2,1,-1,0,280,9.8611
7,70,1,1,1,-1,-1,1,1,1,0,216,8.9371
7,71,1,5,1,-1,-1,2,1,-1,1,324,9.1932
7,72,1,4,1,1,-1,1,1,1,1,276,8.7161
7,75,1,2,2,1,1,2,1,1,1,272,7.5741
7,76,1,6,1,1,-1,1,1,1,1,242,10.561
7,78,1,6,2,1,-1,1,1,-1,0,287,7.9809
7,82,1,6,2,1,1,2,1,1,1,243,10.067
7,83,1,1,2,1,-1,2,1,1,0,257,6.8591
7,84,1,6,1,-1,1,2,1,-1,0,236,9.4838
7,85,1,6,1,-1,-1,2,1,1,0,312,9.4078
7,89,1,5,2,-1,1,2,1,-1,0,238,7.5459
7,91,1,5,1,1,-1,2,1,1,0,248,9.7698
7,93,1,1,2,-1,-1,2,1,-1,1,331,8.4257
7,94,1,5,2,1,-1,2,1,-1,1,213,7.5204
7,95,1,3,1,1,-1,1,1,1,1,244,8.8921
7,96,1,6,2,1,1,1,1,-1,0,263,9.5999
7,98,1,4,2,1,-1,1,1,1,1,372,8.4213
7,102,1,2,2,-1,1,2,1,1,1,236,9.3183
7,103,1,1,2,-1,-1,1,1,1,0,214,9.2854
7,104,1,6,2,-1,-1,2,1,-1,1,243,9.4914
7,105,1,6,2,1,1,1,1,1,1,300,10.245
7,106,1,4,2,-1,-1,2,1,1,0,265,9.2919
7,107,1,2,2,1,-1,1,1,1,1,237,10.805
7,108,1,2,2,-1,-1,2,1,1,0,291,8.1342
7,113,1,3,2,1,-1,1,1,-1,0,312,8.5752
7,114,1,3,2,-1,-1,1,1,-1,1,249,9.529
7,116,1,2,2,1,1,2,1,1,1,292,7.4008
7,118,1,3,1,-1,-1,1,1,1,0,286,10.079
7,120,1,5,1,-1,-1,1,1,1,0,260,9.6279
7,126,1,5,1,-1,1,1,1,1,0,283,9.8369
7,127,1,4,1,1,1,2,1,1,1,309,9.8664
7,128,1,1,1,1,-1,1,1,-1,0,260,9.568
7,130,1,1,2,1,1,2,1,-1,0,306,7.4458
7,132,1,6,1,1,-1,1,1,1,1,224,9.7155
7,133,1,1,2,1,-1,2,1,-1,1,315,7.9285
7,134,1,1,2,1,-1,2,1,1,0,323,7.1004
7,135,1,4,1,-1,1,1,1,1,0,299,8.7412
7,136,1,6,2,1,1,2,1,-1,0,216,7.6316
7,137,1,2,2,-1,-1,2,1,-1,1,325,7.2499
7,138,1,5,1,-1,-1,1,1,1,0,215,9.4812
7,139,1,2,1,1,-1,1,1,-1,0,300,8.9233
7,144,1,5,1,1,1,1,1,1,1,241,9.1659
7,145,1,2,1,1,1,2,1,1,1,264,10.874
7,150,1,2,1,1,-1,2,1,1,0,247,9.4413
7,151,1,2,1,-1,1,1,1,-1,1,247,8.6604
7,153,1,3,2,1,-1,2,1,-1,1,264,9.1237
7,157,1,6,1,-1,-1,2,1,-1,1,258,9.2989
7,158,1,3,1,-1,1,2,1,1,1,246,8.9157
7,159,1,2,2,1,-1,2,1,1,0,278,8.3087
7,160,1,6,2,-1,-1,2,1,-1,1,340,8.7137
7,30,1,2,2,1,1,2,1,1,1,225,9.5069
7,111,1,4,1,1,-1,2,1,1,0,315,10.809
7,93,1,1,2,-1,-1,2,1,1,0,247,7.6682
7,44,1,2,2,-1,1,2,1,1,1,280,9.0392
7,15,1,3,2,-1,-1,1,1,-1,1,220,9.0807
7,70,1,1,1,-1,-1,1,1,1,0,283,8.0879
8,1,1,4,1,1,1,1,1,1,1,290,12.009
8,4,1,6,1,-1,-1,2,1,-1,1,255,13.321
8,5,1,6,1,1,1,1,1,1,1,270,12.422
8,6,1,6,1,-1,-1,2,1,-1,1,221,13.635
8,9,1,4,1,-1,1,1,1,-1,1,223,11.836
8,10,1,3,2,-1,-1,1,1,-1,1,224,11.523
8,11,1,3,1,-1,-1,2,1,-1,1,228,12.37
8,12,1,1,2,-1,1,2,1,-1,0,223,9.2649
8,13,1,5,1,-1,-1,2,1,-1,1,232,12.886
8,14,1,2,1,-1,1,2,1,-1,0,206,11.678
8,15,1,5,2,1,1,2,1,1,1,217,11.46
8,16,1,6,2,-1,-1,1,1,-1,1,242,12.495
8,17,1,5,2,1,-1,2,1,-1,1,214,12.358
8,19,1,3,1,1,-1,2,1,1,0,238,11.078
8,24,1,6,2,1,-1,2,1,-1,1,204,11.404
8,26,1,4,1,1,1,1,1,1,1,209,11.113
8,27,1,6,1,-1,-1,2,1,-1,1,233,13.384
8,29,1,5,1,1,-1,2,1,1,0,210,14.056
8,30,1,3,2,-1,1,2,1,-1,0,241,10.424
8,31,1,3,2,1,1,1,1,1,1,231,10.634
8,32,1,5,2,1,1,1,1,1,1,219,12.414
8,34,1,5,1,-1,1,1,1,-1,1,251,13.149
8,37,1,6,2,1,-1,1,1,-1,0,257,11.519
8,41,1,4,2,1,1,2,1,1,1,222,11.112
8,42,1,5,1,1,1,2,1,1,1,200,11.203
8,43,1,4,2,-1,1,2,1,1,1,202,10.513
8,44,1,5,2,-1,1,1,1,1,0,248,11.742
8,45,1,4,1,-1,1,2,1,1,1,222,12.992
8,46,1,5,2,-1,-1,1,1,-1,1,240,10.916
8,50,1,6,1,-1,-1,1,1,-1,1,208,12.898
8,51,1,1,2,-1,-1,1,1,-1,1,211,10.996
8,58,1,3,1,-1,-1,2,1,-1,1,256,12.517
8,59,1,6,2,-1,1,2,1,1,1,202,10.999
8,61,1,5,2,-1,-1,2,1,-1,1,204,10.719
8,62,1,5,2,1,1,2,1,1,1,247,11.994
8,65,1,4,2,-1,1,2,1,1,1,243,11.886
8,67,1,4,2,-1,1,2,1,-1,0,255,12.239
8,69,1,3,2,-1,-1,2,1,1,0,206,10.625
8,70,1,6,2,-1,1,1,1,1,0,239,12.01
8,72,1,6,1,1,1,1,1,1,1,206,12.151
8,73,1,6,1,1,1,2,1,1,1,300,14.522
8,74,1,2,2,-1,-1,1,1,1,0,242,10.448
8,75,1,4,2,-1,-1,1,1,1,0,243,12.295
8,77,1,3,1,-1,1,1,1,1,0,232,11.603
8,78,1,6,1,1,1,1,1,1,1,252,13.352
8,80,1,6,1,1,-1,2,1,1,0,245,12.224
8,81,1,2,1,-1,1,2,1,-1,0,222,11.246
8,82,1,3,2,1,1,1,1,1,1,237,11.438
8,83,1,2,2,1,1,1,1,1,1,248,11.069
8,84,1,4,2,1,1,1,1,1,1,207,10.745
8,85,1,3,2,1,-1,2,1,1,0,243,12.514
8,87,1,6,2,-1,-1,1,1,-1,1,239,10.728
8,88,1,3,2,1,-1,1,1,1,1,217,10.049
8,89,1,3,2,1,1,2,1,1,1,286,10.205
8,90,1,6,1,-1,-1,2,1,-1,1,225,12.051
8,91,1,6,2,-1,1,1,1,1,0,260,11.114
8,93,1,4,1,1,-1,1,1,1,1,313,12.876
8,94,1,2,1,-1,1,2,1,-1,0,209,11.357
8,97,1,3,2,-1,1,1,1,1,0,230,11.418
8,99,1,4,2,1,1,1,1,1,1,205,11.026
8,102,1,3,1,-1,-1,2,1,-1,1,259,12.702
8,103,1,2,2,1,-1,2,1,1,0,203,12.123
8,104,1,2,2,1,1,2,1,1,1,237,9.5641
8,105,1,1,1,1,-1,1,1,-1,0,243,12.551
8,109,1,4,1,-1,1,2,1,-1,0,237,12.379
8,110,1,4,2,-1,-1,2,1,-1,1,220,10.488
8,112,1,3,2,-1,1,1,1,1,0,246,10.842
8,114,1,3,2,1,-1,1,1,-1,0,215,9.9685
8,115,1,4,2,1,-1,1,1,-1,0,244,10.825
8,117,1,2,1,-1,1,2,1,-1,0,220,11.913
8,118,1,3,1,1,1,1,1,1,1,204,10.852
8,119,1,5,2,1,1,1,1,1,1,212,10.579
8,120,1,2,2,-1,-1,1,1,1,0,231,11.248
8,121,1,6,2,-1,1,2,1,1,1,211,11.798
8,122,1,5,1,1,1,1,1,1,1,289,12.382
8,127,1,1,2,-1,1,1,1,1,0,241,10.347
8,128,1,3,2,1,1,1,1,1,1,220,11.948
8,129,1,3,2,-1,1,2,1,1,1,238,11.873
8,130,1,2,2,-1,1,2,1,1,1,248,10.096
8,131,1,6,2,-1,-1,1,1,-1,1,266,12.993
8,133,1,3,2,-1,1,2,1,1,1,217,12.421
8,134,1,6,1,-1,1,1,1,-1,1,219,12.001
8,135,1,5,2,1,1,2,1,1,1,232,9.7464
8,137,1,6,1,-1,-1,1,1,-1,1,272,11.85
8,139,1,5,2,1,-1,2,1,-1,1,229,10.643
8,140,1,6,1,-1,-1,1,1,-1,1,241,11.9
8,143,1,6,1,-1,-1,1,1,-1,1,222,11.785
8,145,1,6,2,-1,1,1,1,1,0,280,11.06
8,146,1,2,2,1,1,2,1,1,1,319,10.513
8,147,1,3,2,-1,1,2,1,1,1,253,12.012
8,148,1,4,1,1,1,1,1,1,1,245,11.114
8,149,1,4,1,-1,1,2,1,-1,0,265,11.532
8,152,1,6,2,1,1,1,1,1,1,231,11.032
8,153,1,2,2,-1,-1,2,1,1,0,268,9.4253
8,154,1,6,2,1,-1,2,1,-1,1,266,10.646
8,156,1,3,2,1,1,2,1,1,1,231,11.039
8,157,1,4,1,-1,1,2,1,-1,0,239,11.529
8,159,1,6,2,-1,-1,2,1,-1,1,267,11.561
8,160,1,2,2,1,-1,1,1,1,1,304,9.7428
8,142,1,6,1,-1,1,2,1,-1,0,294,12.604
8,156,1,3,2,1,1,2,1,1,1,231,10.412
8,36,1,6,1,-1,1,1,1,-1,1,229,12.398
8,105,1,1,1,1,-1,1,1,-1,0,258,11.826
8,64,1,6,1,-1,1,2,1,-1,0,254,13.174
8,104,1,2,2,1,1,2,1,1,1,212,9.526
8,93,1,4,1,1,-1,1,1,1,1,233,12.09
8,71,1,4,1,-1,-1,1,1,-1,1,259,12.322
8,138,1,6,1,1,-1,1,1,1,1,293,12.413
8,112,1,3,2,-1,1,1,1,1,0,256,12.029
8,37,1,6,2,1,-1,1,1,-1,0,217,10.739
8,67,1,4,2,-1,1,2,1,1,1,244,11.658
8,102,1,3,1,-1,-1,2,1,-1,1,279,11.656
8,123,1,5,2,-1,-1,1,1,-1,1,285,10.631
9,1,0,3,0,1,-1,1,1,1,1,NaN,NaN
9,2,0,4,0,-1,1,2,1,-1,0,NaN,NaN
9,3,0,3,0,1,-1,2,1,1,0,NaN,NaN
9,4,0,5,0,1,1,1,1,1,1,NaN,NaN
9,5,0,5,0,-1,-1,2,1,-1,1,NaN,NaN
9,6,0,2,0,1,1,1,1,1,1,NaN,NaN
9,7,0,4,0,-1,1,2,1,-1,0,NaN,NaN
9,8,0,1,0,1,-1,1,1,1,1,NaN,NaN
9,9,0,1,0,1,1,1,1,-1,0,NaN,NaN
9,10,0,6,0,-1,-1,1,1,-1,1,NaN,NaN
9,11,0,3,0,1,1,2,1,1,1,NaN,NaN
9,12,0,3,0,-1,1,2,1,1,1,NaN,NaN
9,13,0,6,0,1,1,2,1,1,1,NaN,NaN
9,14,0,6,0,1,1,1,1,-1,0,NaN,NaN
9,15,0,1,0,-1,-1,1,1,1,0,NaN,NaN
9,16,0,2,0,-1,1,1,1,1,0,NaN,NaN
9,17,0,4,0,1,-1,2,1,-1,1,NaN,NaN
9,18,0,2,0,-1,-1,1,1,1,0,NaN,NaN
9,19,0,2,0,-1,1,1,1,-1,1,NaN,NaN
9,20,0,1,0,-1,-1,2,1,1,0,NaN,NaN
9,21,0,4,0,1,-1,2,1,-1,1,NaN,NaN
9,22,0,1,0,-1,-1,2,1,-1,1,NaN,NaN
9,23,0,4,0,1,-1,1,1,1,1,NaN,NaN
9,24,0,1,0,1,-1,1,1,-1,0,NaN,NaN
9,25,0,5,0,-1,-1,2,1,-1,1,NaN,NaN
9,26,0,6,0,-1,-1,1,1,-1,1,NaN,NaN
9,27,0,3,0,-1,-1,2,1,-1,1,NaN,NaN
9,28,0,4,0,1,1,1,1,1,1,NaN,NaN
9,29,0,3,0,1,-1,2,1,-1,1,NaN,NaN
9,30,0,4,0,1,1,1,1,1,1,NaN,NaN
9,31,0,2,0,1,-1,1,1,-1,0,NaN,NaN
9,32,0,5,0,-1,-1,2,1,-1,1,NaN,NaN
9,33,0,2,0,1,-1,2,1,1,0,NaN,NaN
9,34,0,3,0,1,-1,1,1,1,1,NaN,NaN
9,35,0,2,0,1,1,2,1,1,1,NaN,NaN
9,36,0,5,0,-1,1,2,1,1,1,NaN,NaN
9,37,0,4,0,1,-1,1,1,-1,0,NaN,NaN
9,38,0,6,0,-1,-1,2,1,-1,1,NaN,NaN
9,39,0,2,0,1,1,2,1,1,1,NaN,NaN
9,40,0,6,0,1,-1,2,1,-1,1,NaN,NaN
9,41,0,1,0,1,1,2,1,-1,0,NaN,NaN
9,42,0,6,0,-1,1,2,1,1,1,NaN,NaN
9,43,0,6,0,1,-1,2,1,-1,1,NaN,NaN
9,44,0,6,0,-1,-1,1,1,1,0,NaN,NaN
9,45,0,6,0,1,-1,2,1,-1,1,NaN,NaN
9,46,0,2,0,-1,-1,1,1,1,0,NaN,NaN
9,47,0,3,0,1,-1,2,1,-1,1,NaN,NaN
9,48,0,4,0,1,-1,2,1,-1,1,NaN,NaN
9,49,0,6,0,-1,1,1,1,-1,1,NaN,NaN
9,50,0,1,0,-1,1,2,1,1,1,NaN,NaN
9,52,0,3,0,1,1,2,1,1,1,NaN,NaN
9,53,0,4,0,1,-1,1,1,-1,0,NaN,NaN
9,54,0,3,0,-1,1,2,1,1,1,NaN,NaN
9,55,0,2,0,1,-1,1,1,-1,0,NaN,NaN
9,56,0,1,0,1,1,2,1,1,1,NaN,NaN
9,57,0,3,0,-1,1,2,1,1,1,NaN,NaN
9,58,0,3,0,1,1,1,1,-1,0,NaN,NaN
9,59,0,6,0,-1,-1,2,1,-1,1,NaN,NaN
9,60,0,6,0,1,1,1,1,1,1,NaN,NaN
9,61,0,4,0,1,1,1,1,1,1,NaN,NaN
9,62,0,5,0,-1,1,2,1,-1,0,NaN,NaN
9,63,0,1,0,1,-1,2,1,1,0,NaN,NaN
9,64,0,5,0,-1,1,1,1,-1,1,NaN,NaN
9,65,0,6,0,-1,1,2,1,1,1,NaN,NaN
9,66,0,2,0,-1,1,2,1,1,1,NaN,NaN
9,67,0,4,0,-1,-1,2,1,1,0,NaN,NaN
9,68,0,5,0,1,-1,2,1,-1,1,NaN,NaN
9,69,0,5,0,-1,1,2,1,-1,0,NaN,NaN
9,70,0,2,0,-1,-1,1,1,1,0,NaN,NaN
9,71,0,2,0,1,1,1,1,-1,0,NaN,NaN
9,72,0,6,0,-1,-1,2,1,-1,1,NaN,NaN
9,73,0,5,0,1,-1,1,1,1,1,NaN,NaN
9,74,0,1,0,1,-1,2,1,-1,1,NaN,NaN
9,75,0,4,0,1,-1,2,1,-1,1,NaN,NaN
9,76,0,1,0,-1,1,2,1,1,1,NaN,NaN
9,77,0,6,0,-1,1,1,1,1,0,NaN,NaN
9,78,0,3,0,1,-1,2,1,-1,1,NaN,NaN
9,79,0,1,0,1,-1,2,1,1,0,NaN,NaN
9,80,0,2,0,-1,-1,2,1,1,0,NaN,NaN
9,81,0,2,0,1,1,1,1,1,1,NaN,NaN
9,82,0,1,0,1,1,2,1,-1,0,NaN,NaN
9,83,0,1,0,-1,1,1,1,1,0,NaN,NaN
9,84,0,4,0,-1,-1,1,1,-1,1,NaN,NaN
9,85,0,4,0,-1,-1,1,1,-1,1,NaN,NaN
9,86,0,5,0,1,-1,1,1,-1,0,NaN,NaN
9,87,0,4,0,-1,-1,1,1,1,0,NaN,NaN
9,88,0,5,0,1,1,2,1,1,1,NaN,NaN
9,89,0,3,0,-1,1,2,1,1,1,NaN,NaN
9,90,0,1,0,-1,1,1,1,-1,1,NaN,NaN
9,91,0,2,0,1,1,1,1,-1,0,NaN,NaN
9,92,0,2,0,-1,1,1,1,1,0,NaN,NaN
9,93,0,5,0,-1,1,1,1,1,0,NaN,NaN
9,94,0,6,0,-1,1,1,1,-1,1,NaN,NaN
9,95,0,2,0,1,-1,1,1,-1,0,NaN,NaN
9,96,0,5,0,-1,1,1,1,1,0,NaN,NaN
9,97,0,6,0,1,-1,2,1,-1,1,NaN,NaN
9,99,0,4,0,1,-1,1,1,1,1,NaN,NaN
9,100,0,4,0,-1,-1,2,1,-1,1,NaN,NaN
9,101,0,5,0,1,-1,2,1,-1,1,NaN,NaN
9,102,0,2,0,1,-1,1,1,1,1,NaN,NaN
9,103,0,5,0,1,-1,2,1,-1,1,NaN,NaN
9,104,0,2,0,1,-1,1,1,1,1,NaN,NaN
9,105,0,5,0,1,-1,1,1,1,1,NaN,NaN
9,106,0,5,0,-1,1,2,1,-1,0,NaN,NaN
9,107,0,3,0,1,1,1,1,1,1,NaN,NaN
9,108,0,2,0,-1,-1,2,1,1,0,NaN,NaN
9,109,0,5,0,1,-1,2,1,-1,1,NaN,NaN
9,110,0,6,0,1,1,2,1,1,1,NaN,NaN
9,111,0,1,0,-1,1,2,1,1,1,NaN,NaN
9,112,0,3,0,1,1,2,1,-1,0,NaN,NaN
9,113,0,2,0,-1,-1,2,1,1,0,NaN,NaN
9,114,0,6,0,1,-1,1,1,1,1,NaN,NaN
9,115,0,4,0,1,1,2,1,-1,0,NaN,NaN
9,116,0,4,0,-1,1,2,1,1,1,NaN,NaN
9,117,0,4,0,1,1,1,1,1,1,NaN,NaN
9,118,0,6,0,-1,-1,2,1,-1,1,NaN,NaN
9,119,0,6,0,1,-1,1,1,1,1,NaN,NaN
9,120,0,3,0,-1,-1,1,1,-1,1,NaN,NaN
9,121,0,3,0,1,1,2,1,-1,0,NaN,NaN
9,122,0,1,0,-1,-1,2,1,1,0,NaN,NaN
9,123,0,6,0,1,-1,1,1,1,1,NaN,NaN
9,124,0,4,0,-1,-1,1,1,-1,1,NaN,NaN
9,125,0,6,0,1,1,2,1,1,1,NaN,NaN
9,126,0,6,0,-1,1,2,1,1,1,NaN,NaN
9,127,0,2,0,-1,1,1,1,1,0,NaN,NaN
9,128,0,6,0,1,1,1,1,1,1,NaN,NaN
9,129,0,6,0,-1,1,1,1,-1,1,NaN,NaN
9,130,0,2,0,-1,1,1,1,1,0,NaN,NaN
9,131,0,6,0,1,1,2,1,1,1,NaN,NaN
9,132,0,6,0,1,-1,1,1,1,1,NaN,NaN
9,133,0,4,0,-1,-1,1,1,1,0,NaN,NaN
9,134,0,6,0,-1,1,2,1,1,1,NaN,NaN
9,135,0,4,0,-1,1,1,1,-1,1,NaN,NaN
9,136,0,1,0,1,1,2,1,1,1,NaN,NaN
9,137,0,4,0,-1,-1,2,1,1,0,NaN,NaN
9,138,0,6,0,1,-1,1,1,-1,0,NaN,NaN
9,139,0,4,0,-1,1,1,1,-1,1,NaN,NaN
9,140,0,3,0,1,-1,1,1,1,1,NaN,NaN
9,141,0,4,0,1,-1,1,1,-1,0,NaN,NaN
9,142,0,6,0,1,-1,1,1,1,1,NaN,NaN
9,143,0,5,0,1,1,2,1,1,1,NaN,NaN
9,144,0,4,0,-1,1,1,1,-1,1,NaN,NaN
9,145,0,4,0,1,-1,2,1,1,0,NaN,NaN
9,146,0,4,0,1,-1,1,1,1,1,NaN,NaN
9,147,0,1,0,-1,-1,2,1,1,0,NaN,NaN
9,148,0,4,0,-1,1,1,1,-1,1,NaN,NaN
9,149,0,2,0,1,1,1,1,1,1,NaN,NaN
9,150,0,5,0,-1,-1,1,1,-1,1,NaN,NaN
9,151,0,6,0,1,1,2,1,-1,0,NaN,NaN
9,152,0,1,0,1,1,1,1,1,1,NaN,NaN
9,153,0,1,0,-1,1,2,1,1,1,NaN,NaN
9,154,0,3,0,1,1,1,1,-1,0,NaN,NaN
9,155,0,2,0,-1,-1,2,1,-1,1,NaN,NaN
9,156,0,5,0,1,1,2,1,1,1,NaN,NaN
9,157,0,5,0,-1,-1,2,1,-1,1,NaN,NaN
9,158,0,2,0,-1,-1,1,1,1,0,NaN,NaN
9,159,0,6,0,-1,1,2,1,-1,0,NaN,NaN
9,160,0,5,0,1,1,1,1,1,1,NaN,NaN
9,51,0,4,0,1,1,2,1,-1,0,NaN,NaN
9,98,0,3,0,1,1,1,1,1,1,NaN,NaN
10,2,1,3,2,1,-1,2,1,-1,1,250,10.182
10,4,1,6,2,-1,1,2,1,1,1,202,10.376
10,5,1,6,1,1,-1,1,1,1,1,227,12.843
10,9,1,1,1,1,1,1,1,1,1,206,11.784
10,10,1,3,2,-1,1,1,1,1,0,224,10.197
10,11,1,2,2,1,-1,2,1,-1,1,219,10.419
10,13,1,3,2,-1,-1,1,1,1,0,199,9.0411
10,14,1,3,1,-1,1,1,1,1,0,219,10.821
10,15,1,2,2,-1,1,2,1,1,1,205,10.918
10,17,1,6,2,-1,-1,2,1,-1,1,207,10.11
10,18,1,6,2,1,-1,2,1,-1,1,256,9.9921
10,19,1,4,2,-1,-1,2,1,-1,1,214,10.133
10,22,1,1,2,1,1,2,1,1,1,268,10.289
10,23,1,6,2,1,1,1,1,1,1,288,8.912
10,24,1,1,2,1,-1,1,1,-1,0,236,9.7573
10,28,1,4,1,1,-1,1,1,1,1,482,12.292
10,30,1,6,1,-1,-1,1,1,-1,1,224,12.647
10,31,1,1,2,1,-1,2,1,-1,1,201,10.42
10,32,1,2,1,1,1,1,1,1,1,249,9.9615
10,35,1,3,2,1,-1,2,1,-1,1,205,10.861
10,36,1,3,2,-1,1,1,1,-1,1,205,11.071
10,39,1,3,2,-1,1,2,1,-1,0,310,10.333
10,40,1,2,1,1,1,2,1,1,1,225,11.572
10,44,1,3,2,-1,-1,1,1,-1,1,277,9.6042
10,45,1,2,2,-1,1,1,1,1,0,204,9.672
10,46,1,1,2,1,-1,2,1,1,0,245,10.381
10,50,1,5,1,1,1,2,1,1,1,229,11.037
10,51,1,5,1,-1,-1,1,1,-1,1,216,10.885
10,53,1,2,2,1,-1,2,1,-1,1,239,8.6535
10,54,1,5,2,1,-1,2,1,-1,1,252,10.07
10,55,1,3,2,1,-1,1,1,-1,0,257,9.3892
10,57,1,3,1,-1,1,2,1,1,1,258,12.003
10,58,1,5,1,-1,1,1,1,-1,1,270,12.423
10,59,1,3,2,-1,-1,2,1,-1,1,237,9.7311
10,60,1,5,1,-1,-1,1,1,-1,1,256,11.597
10,64,1,5,1,1,1,2,1,1,1,226,11.174
10,65,1,3,2,-1,-1,2,1,-1,1,251,10.474
10,67,1,6,2,1,1,1,1,1,1,205,10.499
10,68,1,6,1,1,-1,2,1,1,0,203,11.417
10,69,1,2,2,-1,1,2,1,1,1,263,9.5518
10,70,1,6,1,-1,1,1,1,-1,1,246,11.894
10,71,1,4,1,1,-1,1,1,1,1,263,20.012
10,72,1,2,2,-1,-1,2,1,-1,1,205,8.5465
10,74,1,1,2,-1,-1,1,1,1,0,199,10.418
10,77,1,3,2,1,1,2,1,1,1,266,9.9222
10,79,1,3,2,-1,-1,1,1,-1,1,244,10.652
10,80,1,3,2,-1,-1,2,1,1,0,232,8.9315
10,82,1,6,1,-1,1,1,1,-1,1,240,12.213
10,83,1,6,1,1,-1,1,1,1,1,247,12.532
10,84,1,6,1,-1,1,2,1,1,1,237,11.962
10,87,1,3,1,-1,-1,2,1,-1,1,258,11.085
10,89,1,4,1,1,1,2,1,1,1,272,11.44
10,90,1,3,2,1,-1,1,1,-1,0,259,9.8541
10,91,1,4,1,-1,-1,1,1,-1,1,291,11.037
10,92,1,3,2,-1,1,1,1,1,0,245,9.0311
10,93,1,3,1,1,-1,1,1,1,1,202,9.8443
10,94,1,1,2,1,1,2,1,-1,0,215,10.577
10,95,1,1,2,1,1,2,1,1,1,335,12.165
10,96,1,3,2,1,1,1,1,-1,0,201,11.428
10,99,1,2,2,-1,1,1,1,1,0,208,8.7446
10,101,1,6,2,1,1,1,1,1,1,234,9.8825
10,102,1,2,2,1,1,1,1,1,1,226,10.576
10,103,1,1,2,-1,-1,1,1,-1,1,215,10.219
10,104,1,1,1,1,-1,2,1,-1,1,269,11.439
10,105,1,2,2,1,-1,2,1,-1,1,297,9.6827
10,106,1,6,1,-1,1,2,1,-1,0,241,11.484
10,108,1,5,2,1,-1,2,1,-1,1,271,9.9001
10,109,1,5,1,1,-1,1,1,1,1,204,10.12
10,110,1,3,2,1,1,1,1,1,1,202,11.081
10,111,1,5,2,-1,-1,1,1,-1,1,225,9.9923
10,112,1,5,2,-1,-1,1,1,-1,1,209,10.23
10,113,1,4,2,1,-1,2,1,-1,1,252,9.9997
10,114,1,3,2,1,-1,1,1,-1,0,236,10.789
10,115,1,6,2,-1,-1,1,1,-1,1,208,8.7052
10,117,1,3,2,-1,1,2,1,1,1,208,8.9305
10,119,1,3,2,1,-1,1,1,1,1,217,8.2213
10,121,1,3,2,-1,1,1,1,1,0,249,8.314
10,122,1,3,2,1,1,1,1,-1,0,208,8.3579
10,124,1,2,2,1,-1,2,1,-1,1,250,8.9953
10,126,1,5,2,-1,-1,1,1,1,0,211,9.291
10,127,1,6,2,1,-1,2,1,-1,1,205,10.087
10,131,1,5,1,-1,-1,1,1,-1,1,233,12.662
10,134,1,6,1,1,1,1,1,1,1,234,13.123
10,135,1,1,2,-1,-1,2,1,-1,1,211,10.012
10,137,1,3,1,1,1,1,1,1,1,216,10.998
10,138,1,2,1,-1,-1,1,1,1,0,214,10.326
10,139,1,5,1,-1,-1,2,1,-1,1,235,11.373
10,140,1,2,2,1,-1,1,1,-1,0,210,10.376
10,141,1,4,2,1,-1,1,1,-1,0,244,10.751
10,142,1,5,2,-1,1,2,1,1,1,254,10.229
10,143,1,4,2,1,-1,1,1,-1,0,238,10.647
10,144,1,4,2,-1,-1,1,1,-1,1,235,10.057
10,146,1,3,1,1,-1,1,1,1,1,261,10.244
10,147,1,5,1,1,-1,2,1,1,0,242,10.009
10,148,1,2,2,-1,1,2,1,1,1,239,9.1413
10,150,1,2,1,1,-1,2,1,1,0,260,10.144
10,151,1,6,1,1,1,1,1,1,1,226,11.985
10,152,1,6,2,-1,-1,1,1,-1,1,209,9.3051
10,155,1,5,2,-1,1,1,1,1,0,241,9.7592
10,156,1,6,1,-1,-1,2,1,-1,1,259,10.041
10,158,1,1,1,1,-1,1,1,-1,0,209,10.691
10,159,1,2,2,-1,1,2,1,1,1,204,10.933
10,38,1,2,1,1,1,2,1,-1,0,230,10.231
10,99,1,2,2,-1,1,1,1,1,0,218,10.312
10,42,1,1,2,-1,1,1,1,1,0,273,10.965
10,43,1,4,2,1,-1,2,1,-1,1,230,8.8401
10,154,1,2,1,-1,-1,2,1,-1,1,374,10.423
10,63,1,3,1,-1,-1,1,1,-1,1,347,10.263
10,86,1,5,1,1,1,1,1,1,1,227,11.799
10,129,1,4,2,-1,-1,2,1,-1,1,270,10.154
10,123,1,5,2,-1,-1,2,1,-1,1,237,10.22
10,119,1,3,2,1,-1,1,1,-1,0,246,9.6153
12,2,0,4,0,-1,1,1,1,-1,1,NaN,NaN
12,3,0,2,0,1,-1,1,1,-1,0,NaN,NaN
12,4,0,5,0,-1,1,1,1,1,0,NaN,NaN
12,5,0,3,0,1,1,2,1,1,1,NaN,NaN
12,6,0,5,0,1,1,1,1,1,1,NaN,NaN
12,7,0,1,0,1,-1,2,1,1,0,NaN,NaN
12,8,0,4,0,1,1,1,1,-1,0,NaN,NaN
12,9,0,3,0,1,1,1,1,1,1,NaN,NaN
12,10,0,1,0,1,1,2,1,1,1,NaN,NaN
12,11,0,2,0,-1,-1,1,1,-1,1,NaN,NaN
12,12,0,2,0,-1,-1,2,1,-1,1,NaN,NaN
12,13,0,3,0,1,1,2,1,1,1,NaN,NaN
12,14,0,3,0,-1,-1,2,1,1,0,NaN,NaN
12,15,0,5,0,1,-1,1,1,-1,0,NaN,NaN
12,16,0,4,0,1,1,1,1,1,1,NaN,NaN
12,17,0,2,0,-1,-1,1,1,-1,1,NaN,NaN
12,18,0,5,0,1,1,2,1,1,1,NaN,NaN
12,19,0,3,0,-1,-1,2,1,-1,1,NaN,NaN
12,20,0,5,0,-1,1,1,1,1,0,NaN,NaN
12,21,0,6,0,1,1,1,1,-1,0,NaN,NaN
12,22,0,1,0,1,1,1,1,-1,0,NaN,NaN
12,23,0,4,0,1,-1,1,1,1,1,NaN,NaN
12,24,0,3,0,1,-1,1,1,-1,0,NaN,NaN
12,25,0,6,0,-1,1,1,1,-1,1,NaN,NaN
12,27,0,3,0,-1,-1,1,1,1,0,NaN,NaN
12,28,0,2,0,1,1,2,1,-1,0,NaN,NaN
12,30,0,6,0,1,1,1,1,1,1,NaN,NaN
12,31,0,3,0,-1,1,1,1,1,0,NaN,NaN
12,32,0,4,0,-1,1,2,1,1,1,NaN,NaN
12,33,0,2,0,1,1,1,1,1,1,NaN,NaN
12,34,0,4,0,-1,1,2,1,-1,0,NaN,NaN
12,35,0,5,0,1,1,1,1,1,1,NaN,NaN
12,36,0,6,0,-1,-1,2,1,-1,1,NaN,NaN
12,37,0,1,0,1,1,2,1,1,1,NaN,NaN
12,38,0,4,0,1,1,2,1,1,1,NaN,NaN
12,39,0,2,0,-1,-1,2,1,1,0,NaN,NaN
12,40,0,5,0,-1,1,2,1,1,1,NaN,NaN
12,41,0,6,0,1,1,1,1,-1,0,NaN,NaN
12,42,0,5,0,-1,1,1,1,-1,1,NaN,NaN
12,43,0,5,0,1,-1,2,1,-1,1,NaN,NaN
12,47,0,2,0,-1,1,2,1,1,1,NaN,NaN
12,48,0,4,0,1,1,2,1,1,1,NaN,NaN
12,50,0,5,0,1,1,2,1,1,1,NaN,NaN
12,51,0,2,0,1,-1,1,1,-1,0,NaN,NaN
12,52,0,1,0,1,-1,1,1,1,1,NaN,NaN
12,53,0,1,0,-1,-1,2,1,-1,1,NaN,NaN
12,54,0,3,0,1,-1,1,1,1,1,NaN,NaN
12,55,0,3,0,1,1,1,1,1,1,NaN,NaN
12,56,0,1,0,1,-1,1,1,-1,0,NaN,NaN
12,57,0,6,0,1,1,2,1,1,1,NaN,NaN
12,58,0,3,0,-1,-1,1,1,-1,1,NaN,NaN
12,59,0,1,0,1,1,1,1,1,1,NaN,NaN
12,60,0,5,0,1,-1,1,1,-1,0,NaN,NaN
12,61,0,6,0,-1,1,2,1,1,1,NaN,NaN
12,62,0,3,0,-1,1,2,1,1,1,NaN,NaN
12,63,0,6,0,1,-1,1,1,1,1,NaN,NaN
12,64,0,6,0,-1,1,1,1,1,0,NaN,NaN
12,65,0,5,0,1,-1,1,1,-1,0,NaN,NaN
12,66,0,6,0,-1,-1,1,1,1,0,NaN,NaN
12,67,0,3,0,1,-1,2,1,-1,1,NaN,NaN
12,68,0,2,0,1,-1,2,1,-1,1,NaN,NaN
12,69,0,1,0,1,1,1,1,1,1,NaN,NaN
12,70,0,5,0,1,-1,1,1,1,1,NaN,NaN
12,71,0,6,0,1,-1,1,1,1,1,NaN,NaN
12,72,0,2,0,1,-1,2,1,-1,1,NaN,NaN
12,73,0,3,0,1,-1,1,1,1,1,NaN,NaN
12,74,0,3,0,-1,1,2,1,1,1,NaN,NaN
12,75,0,2,0,1,1,2,1,1,1,NaN,NaN
12,76,0,2,0,1,-1,1,1,1,1,NaN,NaN
12,77,0,4,0,1,-1,1,1,-1,0,NaN,NaN
12,78,0,4,0,-1,-1,1,1,1,0,NaN,NaN
12,79,0,5,0,1,-1,1,1,1,1,NaN,NaN
12,80,0,6,0,1,1,1,1,1,1,NaN,NaN
12,83,0,3,0,-1,1,1,1,-1,1,NaN,NaN
12,84,0,5,0,-1,1,1,1,1,0,NaN,NaN
12,85,0,5,0,-1,-1,2,1,-1,1,NaN,NaN
12,86,0,1,0,1,-1,1,1,1,1,NaN,NaN
12,87,0,1,0,-1,-1,1,1,-1,1,NaN,NaN
12,88,0,3,0,1,1,1,1,-1,0,NaN,NaN
12,89,0,1,0,-1,-1,1,1,1,0,NaN,NaN
12,90,0,5,0,-1,1,1,1,-1,1,NaN,NaN
12,91,0,2,0,1,-1,2,1,1,0,NaN,NaN
12,92,0,6,0,1,1,2,1,1,1,NaN,NaN
12,93,0,5,0,1,1,1,1,1,1,NaN,NaN
12,94,0,2,0,1,-1,2,1,-1,1,NaN,NaN
12,95,0,4,0,1,1,1,1,1,1,NaN,NaN
12,96,0,6,0,1,1,2,1,1,1,NaN,NaN
12,97,0,1,0,1,-1,1,1,1,1,NaN,NaN
12,98,0,5,0,-1,-1,2,1,-1,1,NaN,NaN
12,99,0,3,0,1,1,2,1,1,1,NaN,NaN
12,101,0,5,0,-1,-1,1,1,-1,1,NaN,NaN
12,102,0,4,0,-1,-1,2,1,-1,1,NaN,NaN
12,104,0,2,0,1,1,2,1,1,1,NaN,NaN
12,105,0,4,0,1,1,2,1,1,1,NaN,NaN
12,106,0,2,0,1,1,2,1,1,1,NaN,NaN
12,107,0,3,0,-1,1,1,1,-1,1,NaN,NaN
12,108,0,1,0,1,-1,2,1,1,0,NaN,NaN
12,109,0,3,0,-1,-1,1,1,-1,1,NaN,NaN
12,110,0,6,0,-1,-1,1,1,1,0,NaN,NaN
12,111,0,1,0,-1,-1,1,1,-1,1,NaN,NaN
12,112,0,5,0,-1,-1,1,1,1,0,NaN,NaN
12,113,0,6,0,1,-1,1,1,1,1,NaN,NaN
12,114,0,5,0,-1,1,2,1,1,1,NaN,NaN
12,115,0,5,0,-1,1,2,1,1,1,NaN,NaN
12,116,0,2,0,-1,1,1,1,1,0,NaN,NaN
12,117,0,4,0,1,1,1,1,-1,0,NaN,NaN
12,118,0,3,0,1,-1,1,1,1,1,NaN,NaN
12,119,0,6,0,-1,-1,2,1,1,0,NaN,NaN
12,120,0,6,0,1,1,1,1,-1,0,NaN,NaN
12,122,0,6,0,1,1,2,1,1,1,NaN,NaN
12,123,0,5,0,1,1,1,1,-1,0,NaN,NaN
12,124,0,1,0,-1,1,1,1,1,0,NaN,NaN
12,125,0,4,0,-1,1,2,1,-1,0,NaN,NaN
12,126,0,6,0,-1,-1,2,1,1,0,NaN,NaN
12,127,0,3,0,-1,-1,2,1,-1,1,NaN,NaN
12,128,0,1,0,1,-1,1,1,1,1,NaN,NaN
12,129,0,6,0,-1,-1,2,1,-1,1,NaN,NaN
12,130,0,1,0,1,1,2,1,-1,0,NaN,NaN
12,131,0,1,0,1,1,1,1,1,1,NaN,NaN
12,132,0,4,0,-1,-1,2,1,-1,1,NaN,NaN
12,133,0,5,0,1,-1,2,1,-1,1,NaN,NaN
12,134,0,2,0,-1,-1,2,1,-1,1,NaN,NaN
12,135,0,4,0,1,-1,1,1,-1,0,NaN,NaN
12,136,0,6,0,-1,-1,2,1,-1,1,NaN,NaN
12,137,0,3,0,-1,1,1,1,-1,1,NaN,NaN
12,138,0,1,0,1,-1,2,1,1,0,NaN,NaN
12,139,0,2,0,1,-1,2,1,1,0,NaN,NaN
12,140,0,1,0,1,-1,1,1,-1,0,NaN,NaN
12,141,0,1,0,1,1,1,1,1,1,NaN,NaN
12,142,0,5,0,-1,1,2,1,1,1,NaN,NaN
12,143,0,3,0,-1,-1,1,1,-1,1,NaN,NaN
12,144,0,2,0,-1,-1,1,1,1,0,NaN,NaN
12,145,0,3,0,-1,-1,2,1,-1,1,NaN,NaN
12,146,0,5,0,-1,1,2,1,1,1,NaN,NaN
12,147,0,5,0,-1,1,1,1,-1,1,NaN,NaN
12,148,0,4,0,1,1,1,1,1,1,NaN,NaN
12,149,0,2,0,-1,1,2,1,1,1,NaN,NaN
12,150,0,2,0,1,-1,1,1,-1,0,NaN,NaN
12,151,0,2,0,-1,1,1,1,1,0,NaN,NaN
12,152,0,2,0,-1,1,1,1,-1,1,NaN,NaN
12,153,0,2,0,1,1,1,1,1,1,NaN,NaN
12,154,0,6,0,-1,-1,2,1,-1,1,NaN,NaN
12,155,0,6,0,-1,1,1,1,-1,1,NaN,NaN
12,156,0,1,0,1,-1,2,1,1,0,NaN,NaN
12,157,0,6,0,1,-1,2,1,-1,1,NaN,NaN
12,158,0,6,0,-1,1,1,1,-1,1,NaN,NaN
12,159,0,3,0,-1,-1,1,1,-1,1,NaN,NaN
12,160,0,6,0,-1,1,1,1,-1,1,NaN,NaN
12,1,0,4,0,1,1,1,1,1,1,NaN,NaN
12,29,0,2,0,1,1,2,1,1,1,NaN,NaN
12,49,0,6,0,-1,1,2,1,1,1,NaN,NaN
12,121,0,3,0,1,1,2,1,1,1,NaN,NaN
12,82,0,3,0,1,-1,2,1,-1,1,NaN,NaN
13,1,1,6,2,-1,-1,2,1,-1,1,232,10.999
13,2,1,5,2,-1,-1,1,1,-1,1,224,10.669
13,7,1,3,1,1,1,1,1,1,1,266,10.919
13,8,1,5,2,-1,-1,2,1,-1,1,216,9.3557
13,11,1,2,2,-1,-1,1,1,-1,1,221,10.242
13,14,1,5,2,-1,1,2,1,1,1,199,10.289
13,16,1,4,1,1,-1,2,1,1,0,211,10.014
13,21,1,4,1,1,1,1,1,1,1,239,11.358
13,23,1,6,2,1,-1,2,1,-1,1,216,9.7547
13,24,1,5,1,-1,1,1,1,-1,1,289,10.327
13,27,1,3,1,1,1,1,1,1,1,233,10.768
13,32,1,6,1,-1,-1,2,1,-1,1,224,11.723
13,34,1,5,2,1,-1,1,1,-1,0,246,9.1518
13,35,1,5,1,-1,-1,2,1,-1,1,214,10.555
13,38,1,5,1,1,1,1,1,1,1,253,10.568
13,42,1,4,1,-1,-1,2,1,-1,1,211,10.868
13,47,1,5,2,1,1,2,1,1,1,272,10.16
13,48,1,5,2,-1,1,2,1,1,1,215,10.058
13,49,1,6,1,1,1,1,1,1,1,258,10.573
13,55,1,1,1,1,1,1,1,-1,0,229,7.9611
13,62,1,3,2,-1,1,2,1,1,1,248,9.6846
13,63,1,4,2,1,-1,2,1,-1,1,251,9.415
13,64,1,2,1,-1,1,2,1,1,1,232,10.328
13,69,1,6,1,1,-1,2,1,1,0,240,10.186
13,70,1,3,1,-1,1,1,1,1,0,259,7.2026
13,71,1,5,2,-1,1,1,1,1,0,224,10.322
13,74,1,3,1,1,-1,2,1,1,0,214,9.0927
13,79,1,3,1,-1,1,2,1,1,1,293,11.327
13,80,1,3,2,-1,-1,1,1,-1,1,261,9.8421
13,81,1,2,2,-1,1,2,1,1,1,277,10.057
13,87,1,5,2,1,-1,2,1,-1,1,302,8.7618
13,88,1,3,2,-1,-1,1,1,-1,1,286,11.038
13,90,1,5,1,1,1,1,1,1,1,254,11.453
13,96,1,5,2,1,-1,1,1,-1,0,262,10.808
13,99,1,6,2,1,-1,1,1,-1,0,240,10.584
13,100,1,6,2,-1,1,1,1,1,0,234,10.044
13,102,1,3,2,1,1,2,1,1,1,244,10.191
13,109,1,5,2,-1,1,1,1,1,0,206,10.534
13,125,1,5,2,-1,1,2,1,1,1,221,11.262
13,137,1,1,2,-1,-1,2,1,-1,1,251,9.3417
13,138,1,2,1,-1,-1,1,1,-1,1,243,10.915
13,139,1,4,2,-1,1,1,1,1,0,223,9.5704
13,140,1,3,1,1,1,2,1,1,1,254,10.22
13,143,1,4,1,1,1,2,1,1,1,204,11.189
13,148,1,4,1,1,-1,2,1,1,0,249,12.054
13,149,1,6,1,1,1,2,1,-1,0,226,11.147
13,156,1,6,2,1,-1,1,1,-1,0,258,10.046
13,157,1,6,1,1,1,2,1,1,1,218,11.025
13,84,1,1,2,-1,-1,2,1,-1,1,233,9.4619
13,68,1,5,2,-1,1,1,1,1,0,212,10.161
13,153,1,5,1,-1,1,1,1,-1,1,207,9.6222
13,128,1,1,2,1,1,2,1,-1,0,214,9.9221
13,18,1,3,2,-1,-1,1,1,-1,1,202,9.2097
13,115,1,3,1,1,1,1,1,1,1,200,8.704
13,97,1,6,1,1,-1,2,1,1,0,248,11.397
13,119,1,5,1,1,-1,1,1,1,1,233,9.3383
13,53,1,2,1,-1,-1,2,1,-1,1,229,9.52
13,138,1,2,1,-1,-1,1,1,1,0,222,11.641
13,131,1,2,1,1,1,1,1,1,1,243,11.336
13,55,1,1,1,1,1,1,1,1,1,201,9.5423
14,1,1,5,2,1,-1,1,1,-1,0,337,11.237
14,3,1,5,2,1,1,2,1,1,1,220,8.1774
14,4,1,2,2,-1,-1,1,1,1,0,256,9.9595
14,5,1,6,2,1,1,1,1,1,1,228,10.221
14,6,1,2,1,1,-1,1,1,1,1,236,10.501
14,7,1,1,1,1,1,2,1,1,1,255,12.508
14,8,1,4,1,-1,1,1,1,-1,1,251,9.3595
14,9,1,5,1,1,1,2,1,1,1,259,10.726
14,10,1,4,2,-1,-1,1,1,-1,1,274,10.763
14,11,1,4,1,-1,1,1,1,1,0,237,9.6255
14,12,1,2,2,-1,1,2,1,1,1,210,8.7964
14,15,1,5,1,1,1,2,1,1,1,256,10.029
14,16,1,5,2,-1,-1,1,1,-1,1,210,8.4562
14,17,1,6,1,1,1,1,1,1,1,236,10.402
14,18,1,2,2,-1,1,1,1,1,0,208,10.814
14,23,1,3,1,1,-1,1,1,1,1,265,9.7576
14,24,1,4,1,-1,-1,2,1,-1,1,234,11.28
14,25,1,1,1,-1,-1,1,1,-1,1,249,9.5319
14,26,1,5,2,-1,-1,2,1,-1,1,260,10.047
14,27,1,6,1,-1,-1,2,1,-1,1,243,10.293
14,28,1,4,2,1,1,2,1,1,1,217,8.0389
14,29,1,6,1,-1,1,1,1,-1,1,216,10.294
14,30,1,6,1,-1,1,2,1,-1,0,471,10.653
14,31,1,4,1,-1,1,1,1,-1,1,232,10.4
14,32,1,1,2,1,1,2,1,1,1,221,9.7929
14,33,1,5,2,-1,1,1,1,-1,1,229,9.9793
14,34,1,6,1,-1,-1,1,1,-1,1,256,10.204
14,36,1,3,2,1,-1,2,1,-1,1,248,9.7285
14,37,1,6,1,1,1,1,1,1,1,240,9.4853
14,38,1,5,1,-1,-1,1,1,-1,1,293,12.121
14,39,1,2,2,-1,1,1,1,1,0,211,8.9565
14,40,1,2,2,-1,-1,2,1,-1,1,287,9.1028
14,43,1,5,1,1,1,2,1,1,1,266,10.446
14,44,1,6,2,-1,-1,2,1,-1,1,275,10.312
14,46,1,5,2,1,1,2,1,1,1,212,9.3586
14,47,1,3,1,1,1,1,1,1,1,360,9.587
14,48,1,5,1,-1,1,1,1,-1,1,293,10.169
14,51,1,1,2,1,1,2,1,1,1,264,10.347
14,52,1,1,2,1,-1,2,1,1,0,206,8.5571
14,53,1,4,1,-1,1,1,1,-1,1,252,9.4061
14,56,1,4,1,-1,-1,2,1,-1,1,242,10.285
14,57,1,3,1,1,-1,2,1,1,0,300,9.7598
14,60,1,5,2,-1,-1,1,1,-1,1,259,9.768
14,61,1,6,2,1,1,2,1,1,1,251,9.2056
14,63,1,2,1,-1,1,2,1,-1,0,390,9.2411
14,64,1,6,2,1,-1,1,1,-1,0,343,10.334
14,65,1,4,1,-1,1,1,1,-1,1,234,10.349
14,66,1,2,2,1,1,2,1,1,1,214,8.1122
14,67,1,6,2,-1,-1,1,1,-1,1,235,10.332
14,68,1,1,2,-1,1,1,1,1,0,209,8.2869
14,69,1,3,1,-1,1,2,1,-1,0,300,11.02
14,70,1,3,2,-1,-1,1,1,-1,1,232,8.9216
14,73,1,5,2,-1,-1,1,1,-1,1,216,10.102
14,75,1,2,1,-1,1,1,1,-1,1,251,8.8794
14,76,1,5,1,1,1,2,1,1,1,264,10.659
14,77,1,5,2,-1,1,2,1,1,1,244,9.0348
14,78,1,6,1,-1,1,2,1,-1,0,218,11.187
14,79,1,5,1,1,1,2,1,1,1,244,11.281
14,81,1,6,1,1,1,2,1,1,1,231,9.9191
14,82,1,5,1,1,-1,1,1,1,1,222,9.8331
14,85,1,1,1,1,-1,1,1,1,1,220,9.2237
14,86,1,2,2,-1,-1,2,1,1,0,229,9.2379
14,87,1,3,1,-1,1,2,1,-1,0,235,9.7823
14,90,1,4,2,-1,-1,1,1,-1,1,254,8.9302
14,93,1,4,2,1,1,2,1,-1,0,345,13.267
14,100,1,5,1,-1,-1,1,1,-1,1,272,11.068
14,103,1,1,2,-1,1,2,1,-1,0,365,8.2803
14,104,1,1,2,1,-1,1,1,1,1,432,8.6709
14,105,1,2,1,-1,1,2,1,1,1,287,10.051
14,107,1,2,1,1,-1,1,1,1,1,425,9.2374
14,108,1,1,2,-1,1,1,1,1,0,298,8.5796
14,110,1,4,1,-1,1,2,1,-1,0,290,9.48
14,111,1,4,2,1,-1,2,1,-1,1,270,8.449
14,113,1,1,2,1,1,1,1,-1,0,240,8.8889
14,114,1,2,2,1,1,2,1,1,1,260,9.8523
14,115,1,4,1,1,-1,1,1,1,1,216,9.8422
14,116,1,4,1,1,-1,1,1,1,1,299,8.7468
14,117,1,6,1,1,1,2,1,1,1,262,10.613
14,118,1,1,2,-1,-1,2,1,-1,1,257,9.7382
14,119,1,1,2,-1,1,2,1,1,1,262,9.7152
14,120,1,3,2,1,1,1,1,1,1,294,9.5322
14,121,1,4,2,1,-1,2,1,-1,1,241,9.3329
14,122,1,3,1,-1,-1,2,1,-1,1,454,10.063
14,125,1,6,2,-1,1,1,1,-1,1,249,9.5843
14,126,1,5,1,1,1,2,1,1,1,301,9.5996
14,127,1,2,2,1,-1,1,1,-1,0,251,9.6852
14,129,1,5,2,1,1,2,1,1,1,459,8.1601
14,132,1,1,2,-1,1,1,1,1,0,251,8.5862
14,133,1,5,2,1,-1,1,1,-1,0,230,9.5089
14,134,1,3,2,1,-1,1,1,1,1,256,8.9824
14,136,1,2,1,-1,1,2,1,1,1,241,9.8827
14,137,1,6,1,1,-1,2,1,1,0,267,10.875
14,138,1,2,1,-1,-1,1,1,-1,1,268,9.3218
14,139,1,5,1,-1,1,2,1,-1,0,276,9.7577
14,140,1,3,1,1,1,2,1,1,1,291,9.5082
14,141,1,5,1,1,1,2,1,1,1,249,9.7605
14,143,1,4,2,1,-1,1,1,1,1,389,9.5947
14,144,1,4,1,-1,1,2,1,1,1,331,9.0516
14,146,1,5,1,1,-1,2,1,1,0,251,8.6755
14,147,1,6,2,-1,1,2,1,1,1,267,9.4449
14,150,1,3,1,-1,-1,2,1,-1,1,260,10.611
14,151,1,5,2,-1,1,1,1,1,0,293,8.6132
14,153,1,3,2,-1,-1,1,1,-1,1,224,8.71
14,157,1,5,2,1,-1,2,1,-1,1,255,9.6838
14,158,1,6,1,-1,1,1,1,-1,1,251,9.926
14,159,1,1,1,1,-1,1,1,-1,0,239,10.528
14,160,1,2,2,1,1,1,1,1,1,242,8.9329
14,26,1,5,2,-1,-1,2,1,-1,1,224,9.4643
14,61,1,6,2,1,1,2,1,1,1,330,9.9222
14,141,1,5,1,1,1,2,1,1,1,274,10.037
14,69,1,3,1,-1,1,2,1,-1,0,287,9.3289
14,14,1,2,1,1,-1,1,1,-1,0,273,9.5786
14,82,1,5,1,1,-1,1,1,1,1,322,9.618
15,2,0,1,0,-1,-1,1,1,1,0,NaN,NaN
15,3,0,2,0,1,1,2,1,1,1,NaN,NaN
15,4,0,2,0,1,-1,1,1,1,1,NaN,NaN
15,5,0,3,0,1,1,2,1,1,1,NaN,NaN
15,6,0,3,0,1,-1,1,1,-1,0,NaN,NaN
15,7,0,1,0,1,-1,2,1,1,0,NaN,NaN
15,8,0,5,0,-1,-1,2,1,1,0,NaN,NaN
15,9,0,3,0,-1,1,1,1,-1,1,NaN,NaN
15,10,0,3,0,-1,-1,1,1,-1,1,NaN,NaN
15,11,0,5,0,-1,-1,1,1,-1,1,NaN,NaN
15,12,0,4,0,-1,-1,1,1,-1,1,NaN,NaN
15,13,0,3,0,-1,-1,1,1,1,0,NaN,NaN
15,14,0,1,0,-1,1,1,1,-1,1,NaN,NaN
15,15,0,3,0,1,-1,2,1,-1,1,NaN,NaN
15,18,0,2,0,1,-1,1,1,-1,0,NaN,NaN
15,19,0,3,0,-1,1,2,1,1,1,NaN,NaN
15,20,0,6,0,1,-1,1,1,1,1,NaN,NaN
15,21,0,3,0,1,-1,2,1,-1,1,NaN,NaN
15,24,0,5,0,-1,1,1,1,-1,1,NaN,NaN
15,25,0,3,0,-1,-1,1,1,-1,1,NaN,NaN
15,26,0,2,0,1,-1,1,1,-1,0,NaN,NaN
15,27,0,3,0,-1,1,1,1,1,0,NaN,NaN
15,29,0,2,0,1,1,2,1,1,1,NaN,NaN
15,30,0,6,0,1,1,2,1,1,1,NaN,NaN
15,31,0,4,0,-1,-1,1,1,-1,1,NaN,NaN
15,32,0,4,0,-1,-1,2,1,-1,1,NaN,NaN
15,33,0,3,0,-1,1,2,1,1,1,NaN,NaN
15,34,0,3,0,1,1,2,1,1,1,NaN,NaN
15,36,0,2,0,1,1,1,1,-1,0,NaN,NaN
15,37,0,6,0,-1,1,2,1,-1,0,NaN,NaN
15,38,0,6,0,1,-1,2,1,-1,1,NaN,NaN
15,39,0,3,0,1,-1,1,1,1,1,NaN,NaN
15,40,0,5,0,-1,1,1,1,-1,1,NaN,NaN
15,41,0,5,0,-1,1,1,1,1,0,NaN,NaN
15,42,0,2,0,1,-1,1,1,-1,0,NaN,NaN
15,43,0,6,0,1,1,2,1,1,1,NaN,NaN
15,44,0,4,0,1,-1,1,1,-1,0,NaN,NaN
15,45,0,2,0,-1,-1,2,1,-1,1,NaN,NaN
15,46,0,5,0,1,-1,1,1,1,1,NaN,NaN
15,47,0,6,0,1,-1,1,1,1,1,NaN,NaN
15,48,0,1,0,1,-1,2,1,-1,1,NaN,NaN
15,49,0,6,0,1,-1,1,1,1,1,NaN,NaN
15,50,0,6,0,-1,1,2,1,1,1,NaN,NaN
15,51,0,3,0,-1,1,2,1,1,1,NaN,NaN
15,52,0,1,0,-1,1,2,1,-1,0,NaN,NaN
15,53,0,1,0,1,1,2,1,1,1,NaN,NaN
15,54,0,6,0,1,1,1,1,1,1,NaN,NaN
15,55,0,4,0,1,-1,2,1,-1,1,NaN,NaN
15,56,0,2,0,-1,1,2,1,1,1,NaN,NaN
15,57,0,3,0,1,1,1,1,1,1,NaN,NaN
15,58,0,1,0,-1,-1,2,1,1,0,NaN,NaN
15,60,0,1,0,1,-1,1,1,-1,0,NaN,NaN
15,61,0,3,0,1,-1,1,1,-1,0,NaN,NaN
15,62,0,1,0,-1,1,1,1,1,0,NaN,NaN
15,63,0,3,0,1,-1,2,1,-1,1,NaN,NaN
15,64,0,6,0,-1,-1,1,1,-1,1,NaN,NaN
15,65,0,2,0,-1,-1,2,1,-1,1,NaN,NaN
15,66,0,5,0,-1,1,1,1,1,0,NaN,NaN
15,67,0,3,0,1,-1,2,1,-1,1,NaN,NaN
15,68,0,2,0,-1,1,2,1,1,1,NaN,NaN
15,69,0,1,0,1,-1,2,1,-1,1,NaN,NaN
15,70,0,5,0,-1,-1,1,1,1,0,NaN,NaN
15,73,0,4,0,1,-1,1,1,-1,0,NaN,NaN
15,74,0,6,0,-1,-1,1,1,-1,1,NaN,NaN
15,75,0,3,0,-1,-1,2,1,-1,1,NaN,NaN
15,76,0,3,0,-1,-1,2,1,-1,1,NaN,NaN
15,77,0,1,0,1,1,1,1,1,1,NaN,NaN
15,78,0,1,0,1,-1,1,1,-1,0,NaN,NaN
15,79,0,6,0,-1,-1,1,1,-1,1,NaN,NaN
15,80,0,4,0,-1,1,1,1,1,0,NaN,NaN
15,81,0,2,0,1,-1,2,1,-1,1,NaN,NaN
15,82,0,1,0,-1,1,2,1,1,1,NaN,NaN
15,83,0,5,0,-1,-1,2,1,-1,1,NaN,NaN
15,84,0,6,0,1,-1,2,1,-1,1,NaN,NaN
15,85,0,5,0,1,-1,1,1,1,1,NaN,NaN
15,86,0,5,0,-1,-1,1,1,-1,1,NaN,NaN
15,87,0,2,0,1,1,1,1,1,1,NaN,NaN
15,88,0,2,0,-1,1,2,1,1,1,NaN,NaN
15,89,0,1,0,-1,1,2,1,-1,0,NaN,NaN
15,90,0,2,0,1,-1,1,1,1,1,NaN,NaN
15,91,0,1,0,-1,1,2,1,-1,0,NaN,NaN
15,92,0,6,0,-1,1,1,1,1,0,NaN,NaN
15,93,0,2,0,1,-1,1,1,1,1,NaN,NaN
15,94,0,4,0,-1,-1,1,1,-1,1,NaN,NaN
15,95,0,4,0,1,-1,1,1,-1,0,NaN,NaN
15,96,0,3,0,1,1,2,1,1,1,NaN,NaN
15,97,0,3,0,1,1,2,1,1,1,NaN,NaN
15,98,0,3,0,1,1,2,1,1,1,NaN,NaN
15,99,0,3,0,-1,-1,2,1,-1,1,NaN,NaN
15,100,0,5,0,-1,1,1,1,1,0,NaN,NaN
15,101,0,3,0,1,-1,2,1,-1,1,NaN,NaN
15,102,0,1,0,-1,1,1,1,1,0,NaN,NaN
15,103,0,5,0,1,1,2,1,1,1,NaN,NaN
15,104,0,3,0,1,-1,2,1,-1,1,NaN,NaN
15,105,0,1,0,1,-1,2,1,1,0,NaN,NaN
15,106,0,4,0,-1,1,2,1,1,1,NaN,NaN
15,107,0,5,0,-1,1,1,1,1,0,NaN,NaN
15,108,0,3,0,-1,1,2,1,1,1,NaN,NaN
15,109,0,5,0,-1,-1,1,1,1,0,NaN,NaN
15,110,0,3,0,1,-1,2,1,-1,1,NaN,NaN
15,111,0,1,0,1,1,1,1,1,1,NaN,NaN
15,112,0,4,0,1,-1,2,1,-1,1,NaN,NaN
15,113,0,2,0,1,1,1,1,1,1,NaN,NaN
15,114,0,4,0,1,-1,2,1,-1,1,NaN,NaN
15,115,0,6,0,-1,1,2,1,1,1,NaN,NaN
15,116,0,2,0,-1,-1,2,1,-1,1,NaN,NaN
15,117,0,4,0,-1,-1,2,1,-1,1,NaN,NaN
15,118,0,6,0,-1,1,2,1,1,1,NaN,NaN
15,119,0,4,0,1,1,2,1,1,1,NaN,NaN
15,120,0,6,0,-1,-1,1,1,-1,1,NaN,NaN
15,121,0,4,0,1,1,1,1,1,1,NaN,NaN
15,122,0,5,0,1,1,2,1,-1,0,NaN,NaN
15,123,0,6,0,-1,-1,2,1,-1,1,NaN,NaN
15,124,0,2,0,-1,1,2,1,-1,0,NaN,NaN
15,125,0,5,0,1,-1,2,1,-1,1,NaN,NaN
15,127,0,1,0,-1,1,2,1,-1,0,NaN,NaN
15,128,0,1,0,1,-1,2,1,1,0,NaN,NaN
15,129,0,1,0,-1,-1,2,1,-1,1,NaN,NaN
15,132,0,4,0,1,-1,1,1,-1,0,NaN,NaN
15,133,0,2,0,-1,-1,2,1,-1,1,NaN,NaN
15,134,0,1,0,-1,-1,1,1,1,0,NaN,NaN
15,136,0,2,0,-1,1,2,1,1,1,NaN,NaN
15,137,0,4,0,1,1,2,1,1,1,NaN,NaN
15,138,0,3,0,1,1,1,1,1,1,NaN,NaN
15,139,0,2,0,-1,1,2,1,-1,0,NaN,NaN
15,140,0,2,0,-1,1,2,1,1,1,NaN,NaN
15,141,0,1,0,-1,1,1,1,-1,1,NaN,NaN
15,142,0,3,0,1,-1,1,1,-1,0,NaN,NaN
15,143,0,4,0,-1,-1,2,1,-1,1,NaN,NaN
15,144,0,5,0,-1,1,1,1,1,0,NaN,NaN
15,145,0,1,0,1,-1,1,1,-1,0,NaN,NaN
15,146,0,2,0,-1,-1,1,1,-1,1,NaN,NaN
15,147,0,5,0,-1,-1,1,1,-1,1,NaN,NaN
15,148,0,1,0,-1,-1,1,1,1,0,NaN,NaN
15,149,0,2,0,1,-1,1,1,-1,0,NaN,NaN
15,150,0,4,0,-1,1,1,1,1,0,NaN,NaN
15,151,0,3,0,-1,1,1,1,-1,1,NaN,NaN
15,152,0,2,0,-1,-1,1,1,-1,1,NaN,NaN
15,153,0,6,0,1,-1,2,1,-1,1,NaN,NaN
15,154,0,2,0,1,-1,1,1,1,1,NaN,NaN
15,155,0,4,0,-1,1,2,1,1,1,NaN,NaN
15,156,0,1,0,-1,-1,2,1,1,0,NaN,NaN
15,157,0,3,0,1,1,2,1,1,1,NaN,NaN
15,158,0,6,0,-1,-1,1,1,-1,1,NaN,NaN
15,159,0,5,0,1,-1,1,1,-1,0,NaN,NaN
15,160,0,1,0,-1,1,2,1,1,1,NaN,NaN
15,1,0,5,0,1,1,1,1,1,1,NaN,NaN
15,17,0,5,0,-1,1,1,1,-1,1,NaN,NaN
15,22,0,6,0,1,-1,2,1,-1,1,NaN,NaN
15,28,0,1,0,-1,1,2,1,-1,0,NaN,NaN
15,35,0,3,0,-1,1,2,1,1,1,NaN,NaN
15,59,0,4,0,1,-1,1,1,-1,0,NaN,NaN
15,72,0,2,0,1,-1,1,1,-1,0,NaN,NaN
15,126,0,4,0,1,-1,2,1,-1,1,NaN,NaN
15,130,0,6,0,-1,-1,1,1,-1,1,NaN,NaN
15,131,0,1,0,-1,-1,2,1,1,0,NaN,NaN
15,135,0,1,0,1,-1,2,1,-1,1,NaN,NaN
16,2,1,6,2,1,-1,1,1,-1,0,302,11.68
16,3,1,1,2,-1,1,2,1,1,1,264,11.636
16,4,1,6,2,1,1,1,1,1,1,239,12.645
16,5,1,2,1,1,-1,1,1,-1,0,244,11.122
16,7,1,5,2,-1,-1,2,1,-1,1,211,12.424
16,8,1,2,1,1,1,1,1,1,1,200,11.236
16,10,1,6,1,1,1,1,1,1,1,233,11.775
16,13,1,2,2,1,1,1,1,1,1,217,8.8482
16,14,1,4,2,1,1,1,1,1,1,238,11.49
16,15,1,3,2,-1,1,1,1,-1,1,259,11.512
16,16,1,2,1,1,1,1,1,1,1,248,10.514
16,17,1,6,2,-1,1,1,1,1,0,221,11.798
16,19,1,3,2,-1,1,1,1,1,0,205,11.849
16,22,1,2,2,-1,-1,2,1,-1,1,259,11.684
16,23,1,3,1,-1,1,2,1,1,1,205,10.213
16,24,1,2,2,-1,-1,2,1,-1,1,204,9.6716
16,28,1,6,1,1,-1,1,1,1,1,200,11.624
16,30,1,3,2,1,1,2,1,1,1,231,9.1509
16,31,1,2,1,-1,-1,1,1,1,0,204,9.3226
16,32,1,2,1,-1,-1,1,1,-1,1,221,10.399
16,33,1,6,1,-1,-1,2,1,-1,1,243,11.631
16,34,1,4,1,1,-1,1,1,1,1,224,11.467
16,35,1,4,1,-1,-1,2,1,1,0,207,11.521
16,37,1,2,1,-1,1,1,1,1,0,208,12.361
16,38,1,1,1,1,1,1,1,-1,0,245,11.008
16,41,1,5,2,1,-1,2,1,-1,1,221,10.039
16,42,1,5,2,1,-1,1,1,-1,0,220,10.26
16,43,1,2,1,1,1,1,1,1,1,224,13.02
16,45,1,1,2,1,1,2,1,1,1,206,10.412
16,46,1,3,1,1,-1,1,1,1,1,267,11.918
16,47,1,5,1,-1,-1,2,1,-1,1,257,11.784
16,48,1,2,1,-1,-1,1,1,-1,1,270,10.726
16,49,1,2,2,-1,-1,1,1,-1,1,249,10.67
16,50,1,2,1,-1,1,2,1,1,1,260,9.6634
16,51,1,5,2,1,1,1,1,1,1,275,10.173
16,52,1,6,2,-1,-1,2,1,-1,1,416,10.795
16,53,1,3,2,-1,1,2,1,1,1,295,10.845
16,54,1,2,2,-1,-1,1,1,-1,1,217,10.304
16,55,1,4,1,-1,-1,2,1,-1,1,203,11.475
16,56,1,5,2,-1,1,2,1,1,1,267,10.444
16,57,1,2,1,1,-1,1,1,-1,0,224,10.995
16,58,1,3,2,-1,1,2,1,1,1,237,12.078
16,60,1,5,1,1,1,2,1,-1,0,202,11.975
16,61,1,3,1,-1,-1,1,1,1,0,222,10.195
16,62,1,3,2,1,1,2,1,1,1,267,12.193
16,63,1,5,1,-1,1,1,1,-1,1,252,12.308
16,64,1,5,2,1,-1,1,1,-1,0,226,10.728
16,66,1,2,1,1,-1,2,1,1,0,229,12.976
16,71,1,4,1,1,-1,2,1,1,0,281,12.404
16,72,1,2,2,1,1,1,1,1,1,235,9.2597
16,73,1,1,2,1,1,2,1,-1,0,276,9.0637
16,74,1,4,1,1,1,1,1,1,1,204,12.107
16,75,1,1,2,-1,-1,2,1,-1,1,242,9.4219
16,76,1,6,2,1,-1,1,1,-1,0,207,10.259
16,78,1,3,1,-1,1,2,1,-1,0,218,12.304
16,79,1,3,1,1,-1,2,1,1,0,217,11.751
16,80,1,3,1,-1,-1,1,1,-1,1,203,11.604
16,81,1,3,1,1,-1,2,1,1,0,262,10.804
16,82,1,3,1,-1,1,2,1,-1,0,215,10.682
16,83,1,6,2,1,-1,2,1,-1,1,258,8.8084
16,84,1,4,2,-1,-1,2,1,-1,1,297,10.415
16,85,1,2,1,1,-1,2,1,1,0,246,11.62
16,86,1,2,2,-1,-1,2,1,-1,1,221,11.445
16,87,1,5,2,1,1,1,1,1,1,218,11.994
16,89,1,6,2,1,1,1,1,1,1,214,10.799
16,90,1,1,2,1,1,2,1,1,1,201,9.6364
16,92,1,6,1,-1,1,2,1,-1,0,201,11.36
16,93,1,1,1,-1,-1,1,1,1,0,220,10.104
16,95,1,3,2,-1,-1,1,1,-1,1,219,9.8076
16,96,1,4,2,1,-1,1,1,-1,0,244,11.858
16,97,1,1,1,-1,1,2,1,1,1,267,10.844
16,98,1,5,2,-1,1,2,1,1,1,217,9.1789
16,99,1,4,1,-1,-1,2,1,1,0,265,10.746
16,101,1,6,1,-1,-1,2,1,-1,1,227,11.735
16,102,1,6,2,-1,1,2,1,1,1,236,11.015
16,103,1,3,1,-1,1,1,1,-1,1,243,12.413
16,104,1,1,1,1,-1,2,1,-1,1,209,10.598
16,105,1,3,2,1,-1,2,1,-1,1,227,10.443
16,106,1,4,2,-1,-1,1,1,-1,1,260,10.482
16,107,1,1,1,-1,-1,1,1,1,0,347,11.357
16,109,1,1,1,1,1,1,1,-1,0,267,9.9347
16,110,1,6,1,1,-1,1,1,1,1,269,10.36
16,114,1,6,1,1,1,1,1,1,1,235,11.49
16,115,1,6,1,1,-1,1,1,1,1,258,11.414
16,118,1,5,2,-1,-1,1,1,-1,1,241,11.662
16,120,1,2,1,-1,1,1,1,-1,1,224,11.555
16,121,1,5,1,-1,1,2,1,-1,0,235,13.284
16,122,1,3,1,1,-1,1,1,1,1,241,10.138
16,123,1,3,1,1,-1,2,1,1,0,206,11.054
16,125,1,1,2,-1,-1,2,1,-1,1,300,11.775
16,126,1,1,1,1,-1,1,1,1,1,253,10.5
16,128,1,4,2,-1,-1,2,1,-1,1,230,9.2283
16,129,1,2,1,-1,1,1,1,-1,1,241,9.8647
16,131,1,3,1,-1,1,2,1,-1,0,313,11.819
16,134,1,2,2,-1,1,1,1,1,0,300,10.439
16,135,1,5,1,1,1,2,1,1,1,353,10.633
16,136,1,2,1,-1,1,2,1,1,1,336,10.033
16,137,1,4,2,1,-1,2,1,-1,1,224,10.706
16,138,1,5,1,1,-1,2,1,1,0,264,11.082
16,139,1,3,2,-1,-1,2,1,-1,1,257,11.447
16,141,1,2,2,-1,1,2,1,-1,0,231,10.687
16,142,1,3,2,1,-1,2,1,-1,1,226,11.921
16,143,1,4,2,1,-1,2,1,-1,1,251,11.467
16,144,1,6,1,-1,1,1,1,-1,1,260,10.357
16,145,1,3,2,-1,1,2,1,1,1,241,11.66
16,146,1,2,1,1,-1,1,1,1,1,224,11.355
16,147,1,4,1,-1,-1,2,1,-1,1,277,10.884
16,148,1,4,2,-1,1,2,1,1,1,223,11
16,149,1,4,1,1,1,1,1,1,1,232,10.38
16,150,1,5,1,1,-1,2,1,1,0,246,11.778
16,151,1,1,2,1,-1,2,1,1,0,208,10.748
16,152,1,6,1,1,-1,1,1,1,1,211,10.144
16,153,1,4,2,1,-1,2,1,-1,1,280,10.667
16,154,1,6,1,1,-1,1,1,1,1,236,11.353
16,155,1,4,2,-1,1,2,1,1,1,221,11.738
16,156,1,4,1,-1,1,2,1,-1,0,263,10.855
16,157,1,6,1,-1,-1,1,1,-1,1,249,10.791
16,158,1,5,2,1,-1,2,1,-1,1,224,10.22
16,159,1,3,1,1,1,2,1,1,1,252,11.232
16,71,1,4,1,1,-1,2,1,1,0,246,12.056
16,39,1,5,2,-1,1,1,1,1,0,204,10.004
16,70,1,2,2,1,-1,1,1,-1,0,218,9.9997
16,91,1,4,1,1,1,2,1,1,1,219,11.278
16,100,1,2,1,-1,-1,2,1,1,0,241,11.708
16,153,1,4,2,1,-1,2,1,-1,1,293,11.173
16,112,1,5,1,-1,1,1,1,1,0,211,11.456
16,117,1,6,1,1,-1,2,1,1,0,200,11.413
16,56,1,5,2,-1,1,2,1,1,1,230,10.759
16,131,1,3,1,-1,1,2,1,-1,0,222,10.928
17,1,1,2,2,-1,1,2,1,-1,0,352,11.592
17,2,1,6,1,1,1,1,1,1,1,217,10.451
17,5,1,5,1,1,1,2,1,1,1,263,10.948
17,7,1,3,1,1,-1,1,1,1,1,204,11.732
17,8,1,4,2,1,-1,1,1,-1,0,340,10.409
17,9,1,5,2,-1,1,1,1,1,0,228,10.548
17,10,1,4,1,-1,1,1,1,1,0,245,9.7055
17,12,1,5,2,1,-1,2,1,-1,1,210,11.959
17,14,1,6,2,-1,-1,2,1,-1,1,289,10.503
17,15,1,5,1,-1,-1,2,1,-1,1,219,11.819
17,16,1,2,1,-1,-1,1,1,-1,1,240,11.828
17,17,1,4,1,-1,1,1,1,-1,1,247,11.016
17,18,1,4,2,1,-1,2,1,-1,1,221,10.203
17,19,1,6,2,-1,-1,1,1,-1,1,261,11.178
17,20,1,6,2,-1,1,1,1,1,0,228,10.164
17,21,1,2,1,-1,-1,1,1,-1,1,292,10.492
17,22,1,4,2,-1,-1,2,1,-1,1,235,9.4381
17,23,1,3,2,1,-1,2,1,1,0,297,9.2869
17,24,1,1,2,1,-1,1,1,-1,0,242,11.092
17,25,1,1,2,-1,1,2,1,1,1,210,9.4925
17,26,1,2,2,1,1,1,1,1,1,247,11.308
17,27,1,6,1,-1,1,1,1,-1,1,240,11.541
17,28,1,1,2,-1,-1,2,1,-1,1,245,12.154
17,30,1,3,2,1,1,1,1,1,1,248,10.368
17,31,1,6,2,1,-1,2,1,-1,1,205,10.414
17,32,1,2,1,1,1,2,1,1,1,214,11.958
17,33,1,1,1,1,-1,1,1,1,1,229,11.683
17,34,1,5,1,1,1,2,1,1,1,264,11.794
17,35,1,3,2,1,-1,2,1,1,0,283,10.753
17,37,1,5,1,-1,1,1,1,-1,1,221,12.264
17,38,1,1,1,1,-1,2,1,-1,1,286,9.1492
17,42,1,1,2,-1,1,2,1,1,1,227,10.544
17,44,1,3,2,1,-1,1,1,-1,0,259,9.6877
17,45,1,5,1,1,-1,1,1,1,1,255,11.526
17,46,1,3,2,1,-1,1,1,-1,0,259,11.069
17,48,1,4,2,-1,-1,2,1,-1,1,211,10.727
17,52,1,1,1,1,1,2,1,-1,0,225,10.576
17,53,1,3,2,-1,1,1,1,1,0,213,10.849
17,54,1,5,2,-1,-1,1,1,-1,1,258,9.9488
17,55,1,5,2,-1,-1,2,1,-1,1,237,11.382
17,56,1,4,1,1,1,2,1,-1,0,252,10.337
17,57,1,2,2,1,1,1,1,1,1,244,8.9596
17,58,1,5,2,-1,-1,1,1,-1,1,217,10.456
17,59,1,3,1,1,1,2,1,1,1,268,9.8487
17,60,1,4,1,-1,-1,1,1,-1,1,227,10.791
17,61,1,5,1,1,-1,2,1,1,0,244,11.923
17,62,1,6,1,1,-1,1,1,1,1,221,10.457
17,66,1,6,1,1,1,1,1,1,1,229,13.058
17,67,1,4,2,1,1,2,1,1,1,241,11.129
17,69,1,1,1,-1,1,2,1,-1,0,217,11.739
17,70,1,3,1,-1,-1,2,1,-1,1,215,12.085
17,71,1,5,2,-1,1,2,1,1,1,237,10.031
17,73,1,5,2,1,-1,1,1,-1,0,222,9.4638
17,74,1,1,1,-1,-1,2,1,1,0,261,11.509
17,75,1,1,1,-1,1,2,1,-1,0,265,10.312
17,76,1,2,1,1,-1,1,1,-1,0,262,10.075
17,77,1,1,2,1,1,2,1,1,1,227,10.465
17,78,1,1,2,-1,-1,1,1,1,0,249,9.5753
17,79,1,5,2,-1,1,2,1,1,1,206,8.9991
17,80,1,4,2,1,-1,1,1,-1,0,219,9.8009
17,81,1,3,2,1,-1,1,1,-1,0,249,11.072
17,83,1,3,2,-1,-1,1,1,-1,1,217,10.107
17,85,1,4,1,-1,1,1,1,1,0,223,10.459
17,86,1,1,1,1,-1,2,1,-1,1,211,11.204
17,87,1,6,1,-1,1,2,1,-1,0,212,11.4
17,90,1,2,2,1,1,1,1,1,1,300,11.324
17,91,1,5,1,-1,1,2,1,1,1,252,10.671
17,93,1,1,1,1,-1,1,1,-1,0,263,9.8494
17,94,1,4,2,-1,1,2,1,1,1,229,10.096
17,95,1,1,2,-1,-1,1,1,1,0,219,10.821
17,96,1,2,1,-1,-1,2,1,-1,1,218,9.8789
17,97,1,4,2,-1,1,2,1,1,1,217,10.197
17,99,1,5,1,1,1,2,1,1,1,278,11.118
17,100,1,5,1,1,-1,1,1,1,1,256,11.33
17,101,1,5,1,-1,1,1,1,-1,1,237,12.4
17,102,1,4,1,-1,1,1,1,-1,1,254,10.932
17,103,1,1,2,-1,-1,2,1,1,0,200,12.08
17,104,1,1,2,1,1,1,1,-1,0,243,9.6502
17,107,1,3,2,-1,1,1,1,1,0,224,10.448
17,108,1,6,1,-1,-1,2,1,-1,1,208,10.514
17,110,1,6,2,-1,-1,2,1,-1,1,275,9.3816
17,111,1,5,2,1,1,2,1,1,1,298,10.415
17,115,1,5,2,1,1,2,1,1,1,213,11.663
17,118,1,2,2,-1,-1,2,1,-1,1,230,9.8857
17,120,1,3,2,1,-1,2,1,-1,1,201,10.845
17,121,1,6,1,1,1,1,1,1,1,220,12.429
17,122,1,3,2,-1,1,1,1,1,0,215,11.605
17,124,1,1,1,-1,-1,2,1,-1,1,235,11.402
17,129,1,3,1,1,1,1,1,1,1,250,12.291
17,131,1,3,2,-1,1,1,1,1,0,223,10.177
17,132,1,2,2,1,1,1,1,1,1,247,9.1431
17,133,1,2,1,1,1,1,1,1,1,226,10.334
17,134,1,6,1,-1,1,1,1,-1,1,220,11.095
17,135,1,3,1,1,1,1,1,1,1,382,9.8959
17,136,1,6,1,1,1,1,1,1,1,223,11.318
17,137,1,2,2,1,1,1,1,1,1,232,10.765
17,138,1,5,1,1,-1,2,1,1,0,278,12.157
17,139,1,6,2,1,-1,1,1,-1,0,277,11.578
17,140,1,4,2,-1,1,1,1,1,0,240,9.7423
17,141,1,6,2,-1,-1,2,1,-1,1,265,10.522
17,142,1,6,1,-1,1,1,1,-1,1,241,11.157
17,147,1,5,1,1,-1,1,1,1,1,244,11.197
17,148,1,5,1,1,1,1,1,1,1,205,12.25
17,149,1,4,1,-1,-1,2,1,-1,1,227,11.163
17,151,1,3,1,1,-1,1,1,1,1,200,11.165
17,153,1,5,1,-1,-1,1,1,-1,1,218,11.995
17,155,1,6,2,1,1,1,1,-1,0,256,10.258
17,156,1,3,2,1,1,2,1,1,1,217,8.9888
17,157,1,6,2,-1,1,2,1,1,1,250,11.278
17,158,1,2,2,-1,-1,2,1,-1,1,234,11.428
17,160,1,4,2,-1,-1,1,1,-1,1,224,11.281
17,19,1,6,2,-1,-1,1,1,-1,1,372,10.372
17,43,1,4,2,1,1,2,1,1,1,215,10.36
17,141,1,6,2,-1,-1,2,1,-1,1,218,10.524
17,76,1,2,1,1,-1,1,1,1,1,347,11.432
17,72,1,1,1,-1,-1,1,1,1,0,233,11.845
17,84,1,6,2,-1,-1,1,1,-1,1,204,11.035
17,52,1,1,1,1,1,2,1,1,1,302,9.7727
17,114,1,6,2,1,-1,2,1,-1,1,238,11.42
18,1,1,2,1,1,-1,1,1,1,1,226,12.513
18,2,1,3,2,1,-1,2,1,-1,1,203,11.276
18,5,1,6,2,1,1,2,1,1,1,210,11.119
18,6,1,4,2,-1,1,1,1,1,0,207,10.218
18,7,1,1,2,-1,1,1,1,1,0,206,10.299
18,8,1,6,1,1,-1,2,1,1,0,255,9.8806
18,9,1,2,2,1,-1,1,1,-1,0,212,10.986
18,10,1,4,2,-1,1,1,1,1,0,236,10.621
18,11,1,5,2,-1,-1,2,1,-1,1,218,11.001
18,13,1,4,2,-1,1,1,1,1,0,220,9.4739
18,15,1,2,2,1,-1,1,1,1,1,249,9.9448
18,16,1,6,1,-1,1,2,1,-1,0,229,10.558
18,17,1,3,2,1,1,1,1,1,1,260,10.762
18,18,1,4,2,1,1,1,1,-1,0,236,10.174
18,19,1,6,1,-1,1,2,1,-1,0,249,12.325
18,20,1,2,1,-1,1,2,1,-1,0,266,9.392
18,21,1,1,2,1,1,2,1,1,1,216,8.2845
18,23,1,2,1,-1,-1,1,1,-1,1,207,10.624
18,24,1,4,2,-1,1,2,1,1,1,216,11.153
18,25,1,4,2,-1,1,2,1,1,1,249,10.693
18,28,1,5,2,-1,-1,1,1,-1,1,343,11.539
18,29,1,1,1,-1,-1,2,1,-1,1,255,9.6482
18,30,1,2,1,-1,1,1,1,1,0,219,9.7104
18,31,1,2,1,1,1,2,1,1,1,257,12.378
18,32,1,2,2,1,-1,1,1,-1,0,216,10.489
18,33,1,3,2,1,-1,2,1,-1,1,236,9.6798
18,34,1,1,1,1,1,2,1,1,1,251,10.261
18,36,1,1,1,1,1,1,1,1,1,218,10.995
18,37,1,6,2,1,1,1,1,1,1,213,10.949
18,38,1,1,1,-1,-1,1,1,-1,1,204,10.917
18,39,1,6,2,-1,-1,2,1,-1,1,212,11.215
18,40,1,4,2,-1,1,1,1,1,0,226,10.174
18,41,1,5,2,-1,1,1,1,1,0,211,9.5798
18,42,1,3,1,-1,1,2,1,1,1,238,10.419
18,43,1,5,1,1,-1,2,1,-1,1,258,11.291
18,44,1,6,1,-1,1,2,1,-1,0,229,10.816
18,46,1,5,2,1,-1,2,1,-1,1,232,11.461
18,47,1,3,2,1,-1,1,1,-1,0,229,11.158
18,48,1,1,1,1,1,1,1,1,1,260,10.274
18,49,1,5,2,-1,1,1,1,1,0,215,10.31
18,50,1,4,1,-1,-1,1,1,-1,1,343,11.053
18,51,1,5,2,-1,-1,2,1,-1,1,219,11.657
18,53,1,6,2,1,-1,1,1,-1,0,286,11.064
18,57,1,2,1,1,-1,1,1,1,1,226,11.21
18,58,1,2,2,1,1,2,1,1,1,204,10.125
18,59,1,3,2,-1,1,2,1,1,1,224,10.215
18,61,1,5,2,-1,-1,1,1,-1,1,217,11.073
18,63,1,6,1,1,1,1,1,1,1,248,10.321
18,64,1,3,2,1,1,2,1,1,1,254,12.014
18,65,1,4,2,-1,1,1,1,1,0,233,9.6253
18,68,1,5,1,-1,-1,1,1,-1,1,335,11.254
18,72,1,6,2,-1,1,1,1,1,0,206,10.885
18,73,1,5,1,-1,-1,1,1,-1,1,225,10.776
18,74,1,3,2,1,-1,2,1,-1,1,205,10.781
18,75,1,1,1,1,-1,2,1,-1,1,238,11.08
18,76,1,1,1,1,-1,2,1,-1,1,237,10.766
18,78,1,4,2,1,1,1,1,1,1,257,10.175
18,84,1,4,2,1,-1,1,1,-1,0,213,10.196
18,85,1,6,2,1,1,1,1,1,1,229,10.382
18,86,1,1,1,1,1,1,1,-1,0,215,10.05
18,88,1,5,1,1,-1,2,1,1,0,218,12.032
18,89,1,5,2,1,1,1,1,1,1,219,11.447
18,90,1,6,2,1,-1,2,1,-1,1,211,9.8951
18,92,1,2,2,-1,-1,2,1,1,0,202,9.6069
18,94,1,6,1,-1,-1,2,1,-1,1,206,10.71
18,95,1,4,1,-1,-1,2,1,-1,1,203,11.104
18,96,1,6,2,-1,1,2,1,1,1,244,11.553
18,97,1,4,2,-1,-1,1,1,-1,1,221,11.324
18,99,1,6,2,-1,-1,1,1,-1,1,220,10.88
18,100,1,4,2,-1,1,2,1,1,1,218,10.212
18,108,1,2,2,1,1,2,1,1,1,236,8.8589
18,111,1,4,2,-1,-1,2,1,-1,1,208,9.2057
18,112,1,5,2,1,1,1,1,1,1,215,9.8948
18,115,1,6,2,-1,-1,2,1,1,0,207,9.8988
18,117,1,4,2,1,-1,2,1,-1,1,229,10.946
18,118,1,5,2,1,-1,1,1,-1,0,202,10.299
18,121,1,6,2,1,-1,2,1,-1,1,278,11.482
18,122,1,2,2,-1,-1,1,1,1,0,207,9.4123
18,123,1,6,2,-1,-1,2,1,-1,1,205,9.1149
18,124,1,4,2,-1,-1,2,1,-1,1,273,9.8818
18,126,1,3,2,-1,1,1,1,1,0,227,9.8493
18,127,1,6,1,1,1,1,1,1,1,252,10.749
18,128,1,2,2,-1,-1,1,1,-1,1,201,8.3714
18,131,1,5,2,-1,-1,1,1,-1,1,214,9.021
18,132,1,5,1,-1,1,2,1,-1,0,256,12.885
18,133,1,1,2,-1,1,2,1,1,1,219,8.9405
18,134,1,6,2,1,1,2,1,1,1,205,9.5422
18,137,1,6,2,-1,-1,1,1,-1,1,331,10.086
18,143,1,5,2,1,-1,2,1,-1,1,208,10.542
18,144,1,2,2,1,-1,2,1,1,0,238,10.358
18,145,1,6,2,1,1,2,1,1,1,240,10.218
18,147,1,1,1,-1,1,1,1,1,0,230,9.1964
18,148,1,1,1,1,-1,2,1,-1,1,221,10.542
18,150,1,2,2,-1,-1,1,1,1,0,238,10.193
18,151,1,6,2,1,1,2,1,1,1,245,10.852
18,153,1,3,1,1,-1,2,1,1,0,241,11.683
18,154,1,1,1,1,-1,1,1,-1,0,201,11.488
18,155,1,4,1,1,1,2,1,1,1,247,10.034
18,157,1,1,2,1,-1,1,1,-1,0,269,10.967
18,158,1,4,1,1,1,1,1,1,1,214,10.505
18,159,1,5,2,-1,1,2,1,1,1,242,8.952
18,160,1,5,1,1,-1,1,1,1,1,211,10.123
18,12,1,1,1,1,-1,1,1,1,1,222,10.38
18,15,1,2,2,1,-1,1,1,-1,0,202,10.269
18,2,1,3,2,1,-1,2,1,-1,1,218,10.5
18,80,1,4,2,1,-1,2,1,-1,1,210,9.0316
18,85,1,6,2,1,1,1,1,1,1,214,11.304
18,61,1,5,2,-1,-1,1,1,-1,1,282,9.6082
19,2,1,5,2,-1,-1,1,1,-1,1,246,10.482
19,3,1,1,2,-1,-1,1,1,1,0,216,9.3044
19,5,1,6,1,1,1,2,1,1,1,235,12.09
19,6,1,2,2,-1,-1,2,1,-1,1,221,11.621
19,8,1,5,2,1,1,1,1,1,1,223,11.388
19,9,1,6,1,-1,-1,1,1,-1,1,239,11.601
19,10,1,5,1,1,-1,2,1,1,0,206,10.711
19,12,1,3,2,-1,-1,1,1,-1,1,228,10.526
19,13,1,4,2,-1,-1,2,1,-1,1,211,10.541
19,14,1,3,2,1,-1,2,1,-1,1,231,11.281
19,17,1,5,2,1,1,2,1,1,1,214,9.7075
19,18,1,4,2,1,1,2,1,1,1,242,9.5675
19,19,1,3,1,-1,-1,1,1,-1,1,245,10.845
19,22,1,5,1,1,-1,1,1,1,1,231,12.366
19,26,1,2,1,-1,-1,2,1,-1,1,235,10.427
19,28,1,6,1,-1,1,1,1,-1,1,201,10.227
19,31,1,1,2,1,1,1,1,1,1,208,11.02
19,32,1,5,2,1,1,2,1,1,1,251,10.911
19,33,1,6,2,-1,-1,2,1,1,0,226,11.207
19,38,1,6,1,-1,1,2,1,-1,0,215,11.138
19,39,1,6,2,-1,-1,2,1,-1,1,253,11.169
19,43,1,6,1,1,-1,2,1,-1,1,255,10.718
19,47,1,5,2,1,1,1,1,1,1,242,9.7609
19,51,1,4,1,-1,1,1,1,-1,1,222,10.372
19,52,1,3,1,-1,-1,2,1,-1,1,214,10.076
19,54,1,2,2,1,1,1,1,1,1,214,10.079
19,55,1,4,2,-1,-1,2,1,-1,1,240,10.453
19,58,1,6,1,1,-1,2,1,1,0,213,11.584
19,62,1,1,1,-1,1,1,1,-1,1,213,11.872
19,63,1,4,2,-1,1,2,1,1,1,229,10.275
19,64,1,2,2,-1,1,2,1,1,1,248,10.631
19,67,1,2,1,1,1,1,1,-1,0,248,10.433
19,68,1,5,2,-1,-1,1,1,-1,1,239,10.446
19,69,1,5,1,1,-1,2,1,1,0,250,10.798
19,74,1,1,2,-1,1,1,1,1,0,210,9.8402
19,76,1,1,2,-1,-1,1,1,-1,1,384,9.9642
19,77,1,2,2,1,-1,1,1,1,1,209,9.4178
19,79,1,2,1,1,-1,1,1,1,1,239,11.288
19,80,1,4,2,-1,1,2,1,1,1,214,10.05
19,84,1,1,2,1,1,2,1,1,1,233,10.341
19,88,1,1,2,1,1,1,1,1,1,213,8.7281
19,89,1,5,2,1,1,1,1,1,1,218,10.799
19,90,1,4,1,1,-1,1,1,1,1,411,11.542
19,91,1,5,2,-1,-1,2,1,-1,1,284,10.382
19,94,1,4,2,1,1,1,1,1,1,246,10.154
19,95,1,1,2,1,1,2,1,1,1,219,10.406
19,96,1,4,2,-1,-1,2,1,-1,1,209,9.4716
19,99,1,1,2,-1,-1,2,1,1,0,207,10.149
19,101,1,6,2,-1,-1,2,1,-1,1,206,10.196
19,103,1,4,2,-1,1,1,1,1,0,252,10.675
19,104,1,4,1,1,-1,1,1,1,1,249,10.667
19,105,1,6,1,-1,-1,2,1,-1,1,219,10.231
19,107,1,3,1,1,1,2,1,1,1,223,10.158
19,108,1,1,1,1,-1,2,1,-1,1,286,11.4
19,109,1,6,1,1,1,1,1,1,1,206,9.3388
19,110,1,6,2,-1,-1,1,1,-1,1,222,9.9936
19,112,1,5,1,1,1,1,1,1,1,235,10.794
19,113,1,3,2,-1,1,2,1,1,1,249,11.423
19,114,1,2,2,1,-1,1,1,1,1,208,9.4048
19,116,1,3,2,1,-1,2,1,1,0,294,9.2181
19,117,1,4,2,1,1,1,1,1,1,285,10.255
19,123,1,6,1,-1,1,1,1,-1,1,247,10.88
19,130,1,4,1,-1,-1,1,1,-1,1,259,11.35
19,131,1,5,2,1,1,2,1,1,1,242,11.746
19,133,1,4,1,1,1,1,1,1,1,248,11.83
19,134,1,2,2,-1,-1,1,1,-1,1,203,9.4009
19,139,1,6,1,-1,-1,1,1,-1,1,281,11.122
19,141,1,4,1,-1,1,2,1,-1,0,294,12.45
19,142,1,6,2,-1,1,1,1,1,0,210,10.781
19,144,1,3,2,1,-1,1,1,-1,0,211,10.078
19,145,1,6,1,1,1,2,1,1,1,226,10.488
19,146,1,1,2,1,1,1,1,1,1,213,10.334
19,147,1,5,1,1,1,1,1,1,1,214,10.499
19,150,1,3,2,1,1,1,1,1,1,229,10.599
19,151,1,3,2,-1,-1,2,1,-1,1,247,10.438
19,153,1,1,2,-1,1,1,1,1,0,235,8.9382
19,155,1,4,2,1,1,1,1,1,1,297,10.454
19,156,1,3,2,1,1,2,1,1,1,233,9.8525
19,159,1,4,2,1,1,2,1,1,1,207,9.7609
19,1,1,4,2,-1,1,1,1,1,0,213,10.61
19,34,1,4,2,-1,1,2,1,1,1,274,9.2742
19,20,1,3,2,-1,-1,1,1,-1,1,222,10.651
19,133,1,4,1,1,1,1,1,1,1,269,10.429
19,87,1,6,1,-1,-1,2,1,1,0,298,11.971
19,40,1,6,2,1,1,2,1,1,1,219,9.5655
19,125,1,4,2,1,1,2,1,1,1,205,9.4432
19,133,1,4,1,1,1,1,1,1,1,266,10.763
19,40,1,6,2,1,1,2,1,1,1,223,9.6899
19,18,1,4,2,1,1,2,1,1,1,225,9.5855
19,139,1,6,1,-1,-1,1,1,-1,1,217,9.9977
20,1,0,1,0,1,1,1,1,1,1,NaN,NaN
20,3,0,1,0,1,-1,1,1,-1,0,NaN,NaN
20,4,0,2,0,1,1,1,1,1,1,NaN,NaN
20,5,0,6,0,1,1,1,1,1,1,NaN,NaN
20,6,0,3,0,-1,-1,2,1,1,0,NaN,NaN
20,7,0,5,0,-1,-1,1,1,-1,1,NaN,NaN
20,8,0,6,0,-1,-1,2,1,-1,1,NaN,NaN
20,9,0,3,0,1,1,1,1,1,1,NaN,NaN
20,10,0,5,0,1,1,2,1,1,1,NaN,NaN
20,11,0,2,0,-1,1,2,1,1,1,NaN,NaN
20,13,0,2,0,-1,1,2,1,1,1,NaN,NaN
20,14,0,2,0,1,1,1,1,-1,0,NaN,NaN
20,15,0,3,0,1,-1,1,1,1,1,NaN,NaN
20,16,0,1,0,1,-1,1,1,1,1,NaN,NaN
20,17,0,5,0,1,1,1,1,1,1,NaN,NaN
20,18,0,3,0,1,1,2,1,1,1,NaN,NaN
20,19,0,5,0,1,1,1,1,-1,0,NaN,NaN
20,20,0,1,0,1,1,1,1,1,1,NaN,NaN
20,22,0,4,0,1,-1,2,1,-1,1,NaN,NaN
20,23,0,3,0,-1,1,1,1,-1,1,NaN,NaN
20,24,0,2,0,-1,1,2,1,1,1,NaN,NaN
20,25,0,5,0,-1,-1,1,1,-1,1,NaN,NaN
20,26,0,1,0,-1,-1,1,1,-1,1,NaN,NaN
20,27,0,1,0,1,1,1,1,1,1,NaN,NaN
20,28,0,5,0,1,-1,2,1,-1,1,NaN,NaN
20,29,0,3,0,-1,-1,1,1,1,0,NaN,NaN
20,30,0,2,0,-1,1,2,1,1,1,NaN,NaN
20,31,0,1,0,1,-1,2,1,-1,1,NaN,NaN
20,32,0,2,0,-1,1,2,1,1,1,NaN,NaN
20,33,0,6,0,1,1,2,1,1,1,NaN,NaN
20,34,0,3,0,1,1,2,1,1,1,NaN,NaN
20,35,0,1,0,1,-1,1,1,-1,0,NaN,NaN
20,36,0,3,0,1,-1,2,1,-1,1,NaN,NaN
20,37,0,5,0,1,1,1,1,1,1,NaN,NaN
20,38,0,4,0,-1,-1,1,1,-1,1,NaN,NaN
20,39,0,1,0,1,-1,1,1,-1,0,NaN,NaN
20,40,0,3,0,-1,-1,1,1,-1,1,NaN,NaN
20,41,0,3,0,1,-1,2,1,1,0,NaN,NaN
20,42,0,4,0,-1,-1,2,1,-1,1,NaN,NaN
20,43,0,2,0,-1,-1,2,1,1,0,NaN,NaN
20,44,0,1,0,-1,-1,1,1,-1,1,NaN,NaN
20,45,0,1,0,-1,-1,1,1,-1,1,NaN,NaN
20,46,0,3,0,-1,-1,1,1,-1,1,NaN,NaN
20,47,0,5,0,-1,-1,2,1,-1,1,NaN,NaN
20,48,0,2,0,1,1,1,1,1,1,NaN,NaN
20,49,0,4,0,1,-1,2,1,-1,1,NaN,NaN
20,50,0,2,0,1,-1,2,1,-1,1,NaN,NaN
20,51,0,4,0,1,1,1,1,1,1,NaN,NaN
20,52,0,1,0,-1,1,2,1,-1,0,NaN,NaN
20,53,0,5,0,1,-1,1,1,-1,0,NaN,NaN
20,54,0,1,0,-1,-1,2,1,1,0,NaN,NaN
20,55,0,6,0,1,-1,1,1,1,1,NaN,NaN
20,56,0,2,0,-1,1,1,1,1,0,NaN,NaN
20,57,0,5,0,1,-1,1,1,-1,0,NaN,NaN
20,58,0,2,0,1,1,1,1,1,1,NaN,NaN
20,59,0,2,0,1,1,1,1,1,1,NaN,NaN
20,60,0,5,0,1,1,2,1,1,1,NaN,NaN
20,61,0,6,0,1,1,2,1,1,1,NaN,NaN
20,62,0,2,0,1,1,2,1,1,1,NaN,NaN
20,63,0,3,0,1,-1,2,1,-1,1,NaN,NaN
20,64,0,2,0,1,-1,1,1,1,1,NaN,NaN
20,65,0,6,0,-1,1,1,1,-1,1,NaN,NaN
20,66,0,4,0,-1,1,2,1,1,1,NaN,NaN
20,67,0,1,0,-1,1,2,1,1,1,NaN,NaN
20,68,0,1,0,-1,1,1,1,-1,1,NaN,NaN
20,69,0,3,0,-1,-1,2,1,-1,1,NaN,NaN
20,70,0,4,0,-1,1,1,1,1,0,NaN,NaN
20,71,0,4,0,1,1,2,1,1,1,NaN,NaN
20,72,0,5,0,-1,1,1,1,1,0,NaN,NaN
20,73,0,3,0,1,1,1,1,-1,0,NaN,NaN
20,74,0,1,0,1,-1,2,1,1,0,NaN,NaN
20,75,0,4,0,-1,-1,2,1,-1,1,NaN,NaN
20,76,0,5,0,1,1,1,1,-1,0,NaN,NaN
20,77,0,6,0,1,1,1,1,1,1,NaN,NaN
20,78,0,5,0,1,1,2,1,1,1,NaN,NaN
20,79,0,5,0,-1,-1,2,1,-1,1,NaN,NaN
20,80,0,5,0,-1,-1,2,1,-1,1,NaN,NaN
20,81,0,6,0,1,1,2,1,1,1,NaN,NaN
20,82,0,6,0,-1,-1,2,1,-1,1,NaN,NaN
20,83,0,6,0,1,1,2,1,1,1,NaN,NaN
20,84,0,6,0,1,1,1,1,1,1,NaN,NaN
20,85,0,2,0,-1,-1,1,1,1,0,NaN,NaN
20,86,0,5,0,-1,1,2,1,1,1,NaN,NaN
20,87,0,6,0,-1,1,1,1,-1,1,NaN,NaN
20,88,0,2,0,1,1,1,1,1,1,NaN,NaN
20,89,0,3,0,-1,1,1,1,1,0,NaN,NaN
20,90,0,3,0,1,1,2,1,1,1,NaN,NaN
20,91,0,2,0,1,1,2,1,1,1,NaN,NaN
20,93,0,4,0,1,-1,1,1,-1,0,NaN,NaN
20,94,0,5,0,-1,1,2,1,1,1,NaN,NaN
20,95,0,1,0,1,-1,2,1,1,0,NaN,NaN
20,96,0,5,0,-1,1,2,1,1,1,NaN,NaN
20,98,0,1,0,1,-1,1,1,-1,0,NaN,NaN
20,99,0,3,0,-1,1,2,1,1,1,NaN,NaN
20,100,0,3,0,-1,1,1,1,-1,1,NaN,NaN
20,101,0,2,0,-1,1,1,1,1,0,NaN,NaN
20,102,0,5,0,1,1,1,1,-1,0,NaN,NaN
20,103,0,5,0,-1,-1,2,1,-1,1,NaN,NaN
20,104,0,5,0,-1,1,1,1,1,0,NaN,NaN
20,105,0,1,0,1,1,1,1,-1,0,NaN,NaN
20,106,0,6,0,1,-1,1,1,1,1,NaN,NaN
20,107,0,3,0,-1,1,1,1,-1,1,NaN,NaN
20,108,0,2,0,1,1,1,1,1,1,NaN,NaN
20,109,0,6,0,-1,1,1,1,-1,1,NaN,NaN
20,110,0,6,0,1,1,2,1,-1,0,NaN,NaN
20,111,0,1,0,-1,-1,2,1,1,0,NaN,NaN
20,112,0,1,0,1,1,1,1,1,1,NaN,NaN
20,113,0,6,0,-1,-1,1,1,-1,1,NaN,NaN
20,114,0,1,0,-1,1,2,1,1,1,NaN,NaN
20,115,0,6,0,1,1,2,1,-1,0,NaN,NaN
20,116,0,1,0,-1,-1,1,1,1,0,NaN,NaN
20,117,0,2,0,-1,-1,1,1,-1,1,NaN,NaN
20,118,0,1,0,-1,1,1,1,1,0,NaN,NaN
20,119,0,3,0,1,-1,1,1,-1,0,NaN,NaN
20,120,0,4,0,1,-1,1,1,-1,0,NaN,NaN
20,121,0,2,0,-1,-1,2,1,-1,1,NaN,NaN
20,122,0,5,0,1,-1,2,1,-1,1,NaN,NaN
20,123,0,5,0,-1,-1,2,1,-1,1,NaN,NaN
20,124,0,1,0,1,-1,2,1,-1,1,NaN,NaN
20,125,0,5,0,1,-1,1,1,1,1,NaN,NaN
20,126,0,4,0,-1,-1,2,1,-1,1,NaN,NaN
20,127,0,4,0,1,-1,2,1,-1,1,NaN,NaN
20,129,0,4,0,-1,1,1,1,1,0,NaN,NaN
20,130,0,2,0,1,-1,2,1,-1,1,NaN,NaN
20,131,0,1,0,1,-1,2,1,-1,1,NaN,NaN
20,132,0,5,0,-1,-1,2,1,-1,1,NaN,NaN
20,135,0,4,0,-1,-1,2,1,-1,1,NaN,NaN
20,136,0,6,0,1,-1,1,1,1,1,NaN,NaN
20,137,0,2,0,1,-1,2,1,-1,1,NaN,NaN
20,138,0,1,0,-1,1,1,1,1,0,NaN,NaN
20,139,0,6,0,1,1,2,1,1,1,NaN,NaN
20,140,0,2,0,1,-1,1,1,-1,0,NaN,NaN
20,143,0,1,0,-1,1,1,1,1,0,NaN,NaN
20,144,0,4,0,-1,1,1,1,-1,1,NaN,NaN
20,145,0,1,0,-1,-1,2,1,1,0,NaN,NaN
20,146,0,4,0,-1,1,1,1,-1,1,NaN,NaN
20,147,0,4,0,1,-1,2,1,-1,1,NaN,NaN
20,148,0,6,0,1,1,2,1,1,1,NaN,NaN
20,149,0,4,0,-1,1,1,1,1,0,NaN,NaN
20,150,0,6,0,-1,-1,1,1,-1,1,NaN,NaN
20,151,0,3,0,1,-1,2,1,-1,1,NaN,NaN
20,152,0,2,0,-1,1,2,1,1,1,NaN,NaN
20,153,0,1,0,1,-1,1,1,-1,0,NaN,NaN
20,154,0,5,0,-1,-1,2,1,-1,1,NaN,NaN
20,155,0,3,0,-1,1,2,1,1,1,NaN,NaN
20,156,0,3,0,-1,-1,1,1,-1,1,NaN,NaN
20,157,0,6,0,1,1,2,1,1,1,NaN,NaN
20,158,0,4,0,1,1,2,1,1,1,NaN,NaN
20,159,0,2,0,-1,1,1,1,1,0,NaN,NaN
20,160,0,6,0,-1,-1,2,1,-1,1,NaN,NaN
20,2,0,1,0,-1,-1,2,1,1,0,NaN,NaN
20,12,0,4,0,1,1,2,1,1,1,NaN,NaN
20,92,0,2,0,1,1,1,1,1,1,NaN,NaN
20,128,0,3,0,1,1,2,1,1,1,NaN,NaN
20,133,0,4,0,-1,-1,2,1,-1,1,NaN,NaN
20,134,0,3,0,-1,1,1,1,1,0,NaN,NaN
20,141,0,2,0,-1,-1,2,1,-1,1,NaN,NaN
20,142,0,6,0,-1,-1,1,1,-1,1,NaN,NaN
20,21,0,5,0,-1,-1,2,1,-1,1,NaN,NaN
20,97,0,4,0,-1,-1,1,1,-1,1,NaN,NaN
