1,11,4,3,2,0,1,2,2,-1,0,270,5.0312
1,21,2,1,1,0,1,2,2,1,1,276,4.9999
1,23,4,2,2,1,0,1,2,-1,0,282,6.7002
1,39,4,2,1,0,1,2,2,1,1,285,5.1986
1,73,2,1,1,-1,0,1,2,1,0,271,5.441
1,81,2,1,1,0,1,2,2,1,1,244,5.0504
1,88,3,2,2,0,1,2,2,-1,0,271,5.7207
1,95,2,1,1,-1,0,1,2,-1,1,267,5.4027
1,100,2,1,1,-1,0,1,2,-1,1,269,6.3174
1,113,2,1,2,1,0,1,2,1,1,274,5.8063
1,121,2,1,1,1,0,1,2,1,1,237,6.758
1,122,3,2,1,0,1,2,2,1,1,276,5.9975
1,123,1,1,1,0,1,2,2,1,1,228,6.6064
1,129,3,2,1,0,1,2,2,1,1,274,6.1764
1,133,3,2,1,1,0,1,2,1,1,268,5.4162
1,137,5,4,1,0,1,2,2,1,1,298,5.4643
1,148,5,4,1,0,1,2,2,-1,0,257,5.4091
1,149,4,3,1,-1,0,1,2,1,0,266,5.3364
1,151,4,3,2,0,1,2,2,-1,0,267,5.7817
1,1,3,2,1,-1,0,1,2,1,0,261,6.1899
1,77,3,2,2,1,0,1,2,-1,0,266,5.2847
1,79,5,4,2,-1,0,1,2,1,0,271,5.5998
1,147,2,1,2,0,-1,2,2,-1,1,272,5.8174
2,2,3,2,1,1,0,1,2,1,1,262,5.9388
2,16,3,1,2,-1,0,1,2,-1,1,285,6.0277
2,17,3,2,2,1,0,1,2,-1,0,280,5.9245
2,18,3,2,2,1,0,1,2,1,1,267,5.7495
2,19,3,2,2,1,0,1,2,-1,0,279,5.2129
2,20,3,1,2,0,-1,2,2,-1,1,281,5.5999
2,36,2,1,1,0,-1,2,2,-1,1,261,7.6139
2,46,2,1,2,-1,0,1,2,-1,1,267,6.2259
2,55,5,4,2,1,0,1,2,1,1,263,8.2654
2,68,3,2,1,-1,0,1,2,-1,1,268,5.9399
2,93,2,1,1,0,1,2,2,1,1,272,4.8713
2,94,3,2,2,0,-1,2,2,-1,1,274,6.4233
2,110,5,4,2,-1,0,1,2,-1,1,271,5.809
2,123,2,1,1,-1,0,1,2,-1,1,271,6.2051
2,134,2,1,2,0,1,2,2,1,1,273,5.6512
2,135,2,1,1,-1,0,1,2,-1,1,263,5.6401
2,143,2,1,2,-1,0,1,2,-1,1,273,6.2638
2,144,2,2,2,0,1,2,2,-1,0,228,6.6354
2,147,5,4,2,0,-1,2,2,1,0,276,5.9389
2,153,2,1,2,0,-1,2,2,-1,1,260,5.3895
2,155,3,2,2,-1,0,1,2,-1,1,262,5.8094
2,157,2,1,2,0,-1,2,2,-1,1,245,5.8441
2,63,2,1,2,0,-1,2,2,1,0,259,5.6612
3,2,3,2,2,-1,0,1,2,-1,1,271,5.8143
3,4,3,2,2,-1,0,1,2,-1,1,268,5.1403
3,6,4,3,2,-1,0,1,2,-1,1,274,5.0172
3,13,4,3,1,0,1,2,2,1,1,263,5.1105
3,14,5,4,1,1,0,1,2,1,1,268,5.3986
3,23,3,2,1,0,1,2,2,1,1,266,5.7474
3,28,3,1,2,0,-1,2,2,-1,1,287,5.2871
3,30,3,2,2,0,-1,2,2,-1,1,266,5.6579
3,34,2,1,2,1,0,1,2,1,1,277,5.4508
3,41,2,1,1,1,0,1,2,1,1,283,5.6465
3,53,4,3,2,1,0,1,2,1,1,261,6.0974
3,54,5,4,2,0,1,2,2,1,1,250,6.4222
3,57,4,3,2,0,-1,2,2,-1,1,263,5.9921
3,63,3,2,1,-1,0,1,2,-1,1,258,4.9492
3,66,4,2,2,1,0,1,2,-1,0,279,5.1599
3,70,2,1,2,-1,0,1,2,-1,1,263,5.1504
3,71,3,2,2,-1,0,1,2,-1,1,262,6.6407
3,74,2,1,1,1,0,1,2,1,1,280,6.2813
3,75,4,3,2,0,1,2,2,-1,0,276,5.8449
3,78,2,1,2,0,1,2,2,1,1,262,5.1852
3,79,5,4,1,0,1,2,2,1,1,251,6.1563
3,81,2,1,1,1,0,1,2,1,1,265,6.3725
3,84,2,1,1,0,1,2,2,1,1,275,6.4471
3,91,2,1,2,-1,0,1,2,-1,1,253,6.7367
3,96,2,1,2,1,0,1,2,1,1,250,5.1568
3,97,3,2,2,1,0,1,2,1,1,264,5.9136
3,99,3,2,2,0,-1,2,2,-1,1,276,5.3237
3,116,3,2,1,0,-1,2,2,-1,1,278,5.403
3,119,4,3,1,0,-1,2,2,-1,1,274,6.5457
3,126,3,2,2,-1,0,1,2,-1,1,279,6.5192
3,131,3,1,1,-1,0,1,2,-1,1,281,6.2578
3,138,4,3,2,0,1,2,2,1,1,258,6.7246
3,139,5,4,2,0,-1,2,2,-1,1,271,7.3597
3,140,4,2,2,0,-1,2,2,-1,1,286,6.778
3,142,5,4,2,-1,0,1,2,-1,1,265,6.6941
3,145,2,1,1,0,-1,2,2,-1,1,238,5.8305
3,151,3,2,1,0,1,2,2,1,1,266,6.3129
3,154,2,1,1,1,0,1,2,1,1,278,5.1088
3,49,3,2,2,0,1,2,2,1,1,270,5.2943
3,62,2,1,2,0,1,2,2,1,1,267,5.9823
3,124,4,3,1,0,-1,2,2,1,0,260,5.9805
4,5,3,2,2,1,0,1,2,1,1,273,5.3699
4,6,2,1,2,-1,0,1,2,-1,1,273,6.1473
4,8,5,4,2,0,1,2,2,-1,0,252,5.9484
4,16,4,3,2,0,1,2,2,-1,0,238,6.4525
4,17,1,1,1,-1,0,1,2,-1,1,218,5.9245
4,19,2,1,2,1,0,1,2,1,1,244,7.5003
4,21,4,2,1,1,0,1,2,1,1,279,4.3627
4,24,5,3,2,0,-1,2,2,-1,1,280,5.3667
4,25,4,3,1,1,0,1,2,1,1,246,5.7719
4,26,3,2,2,0,-1,2,2,-1,1,247,5.4469
4,27,4,3,2,0,1,2,2,-1,0,272,4.7782
4,28,3,2,1,-1,0,1,2,-1,1,256,5.0301
4,30,5,3,1,0,1,2,2,1,1,283,4.8208
4,31,5,3,1,0,1,2,2,1,1,285,4.9909
4,33,1,1,2,0,1,2,2,-1,0,226,6.2183
4,34,3,2,2,1,0,1,2,1,1,264,5.7904
4,35,3,2,2,0,1,2,2,1,1,258,6.0084
4,37,3,2,1,1,0,1,2,1,1,245,4.7265
4,40,2,2,2,0,1,2,2,1,1,225,5.5683
4,45,3,2,2,-1,0,1,2,-1,1,262,5.5782
4,46,3,2,1,0,1,2,2,1,1,256,5.2947
4,48,4,3,2,-1,0,1,2,-1,1,238,5.4929
4,49,2,1,1,0,1,2,2,1,1,267,5.196
4,50,4,3,1,0,-1,2,2,-1,1,263,4.9181
4,52,2,1,1,0,-1,2,2,1,0,265,5.4526
4,58,4,3,1,0,1,2,2,1,1,243,4.6367
4,59,4,3,1,0,-1,2,2,-1,1,261,4.8292
4,60,3,2,2,0,-1,2,2,-1,1,252,5.1918
4,62,4,2,2,0,-1,2,2,-1,1,278,5.2696
4,68,4,3,1,0,1,2,2,1,1,272,4.3266
4,69,4,3,2,-1,0,1,2,-1,1,248,6.6822
4,72,2,1,2,0,1,2,2,-1,0,265,5.6148
4,75,5,4,1,0,1,2,2,1,1,269,4.871
4,76,1,1,2,0,1,2,2,1,1,227,7.1162
4,82,2,1,2,0,1,2,2,1,1,237,5.0312
4,83,5,4,1,-1,0,1,2,1,0,265,4.9781
4,88,2,1,2,0,-1,2,2,-1,1,236,5.6555
4,90,2,1,1,1,0,1,2,1,1,248,4.3741
4,91,3,2,2,-1,0,1,2,-1,1,241,5.8186
4,94,5,4,2,0,1,2,2,-1,0,278,5.562
4,98,5,4,1,-1,0,1,2,1,0,258,4.1691
4,101,2,1,2,0,-1,2,2,-1,1,252,5.7379
4,105,5,4,1,0,1,2,2,1,1,270,5.9631
4,106,4,3,1,0,1,2,2,1,1,266,4.5541
4,107,2,1,1,-1,0,1,2,1,0,246,5.5371
4,109,5,4,1,1,0,1,2,1,1,264,4.2766
4,114,5,4,2,1,0,1,2,1,1,256,6.587
4,126,1,1,1,1,0,1,2,1,1,207,7.5534
4,128,4,3,1,1,0,1,2,1,1,278,6.5516
4,129,3,2,1,-1,0,1,2,-1,1,246,5.4502
4,130,2,1,1,-1,0,1,2,-1,1,255,5.1534
4,132,2,1,1,0,1,2,2,1,1,238,6.8779
4,133,2,1,2,-1,0,1,2,-1,1,236,6.017
4,134,2,1,2,-1,0,1,2,-1,1,242,6.2113
4,136,2,1,2,1,0,1,2,1,1,241,6.3232
4,137,3,2,2,0,-1,2,2,-1,1,272,5.9028
4,138,3,1,2,0,1,2,2,1,1,282,5.2767
4,139,2,2,2,1,0,1,2,1,1,229,6.4445
4,150,3,2,1,-1,0,1,2,1,0,275,6.0368
4,152,5,4,1,0,1,2,2,1,1,247,5.3501
4,153,5,3,1,0,-1,2,2,-1,1,281,4.5366
4,154,3,2,2,-1,0,1,2,-1,1,271,5.5844
4,155,5,4,2,1,0,1,2,1,1,253,5.975
4,158,4,3,2,0,1,2,2,1,1,246,6.4414
4,7,1,1,1,0,1,2,2,1,1,215,6.2739
4,81,4,3,2,-1,0,1,2,-1,1,263,5.7597
4,148,2,2,1,-1,0,1,2,-1,1,217,6.2119
4,156,3,2,2,0,-1,2,2,1,0,274,5.9415
5,2,1,1,1,0,1,2,2,1,1,201,5.0523
5,6,2,1,1,0,-1,2,2,-1,1,241,5.147
5,9,3,2,2,0,1,2,2,1,1,247,5.3987
5,10,2,1,2,0,-1,2,2,-1,1,253,6.1795
5,12,2,1,2,0,1,2,2,1,1,248,6.2974
5,13,3,2,2,-1,0,1,2,-1,1,253,5.5539
5,14,2,2,2,0,-1,2,2,-1,1,228,5.8293
5,15,2,1,1,1,0,1,2,1,1,246,5.4098
5,19,2,1,1,0,1,2,2,1,1,281,5.8712
5,20,2,1,2,0,1,2,2,-1,0,248,5.381
5,23,4,3,1,-1,0,1,2,-1,1,273,6.1089
5,24,2,1,2,1,0,1,2,1,1,240,5.6741
5,25,2,2,2,0,1,2,2,1,1,226,6.8318
5,26,2,1,1,-1,0,1,2,-1,1,254,5.2304
5,27,3,2,2,-1,0,1,2,-1,1,275,5.0896
5,29,2,1,1,0,-1,2,2,-1,1,232,5.5755
5,31,2,1,1,0,1,2,2,1,1,252,5.5043
5,32,3,2,1,0,-1,2,2,-1,1,239,5.386
5,34,3,2,2,0,1,2,2,1,1,268,6.395
5,37,5,4,1,1,0,1,2,1,1,240,5.6212
5,38,3,2,1,1,0,1,2,1,1,271,5.3327
5,39,3,2,1,0,-1,2,2,-1,1,257,5.1522
5,40,5,4,1,0,-1,2,2,-1,1,255,5.7355
5,41,3,2,2,0,1,2,2,1,1,240,5.546
5,43,4,3,1,-1,0,1,2,1,0,239,5.1075
5,45,3,2,2,-1,0,1,2,-1,1,276,5.6572
5,48,5,4,1,-1,0,1,2,-1,1,274,5.6621
5,51,4,2,1,-1,0,1,2,1,0,280,4.8336
5,52,2,1,2,1,0,1,2,-1,0,259,5.8587
5,53,3,2,2,0,-1,2,2,-1,1,251,6.4309
5,54,2,1,2,0,-1,2,2,-1,1,261,6.4293
5,55,4,3,2,-1,0,1,2,1,0,238,6.5236
5,59,4,2,1,1,0,1,2,1,1,279,5.293
5,60,3,2,2,0,1,2,2,1,1,259,5.1572
5,63,5,4,2,1,0,1,2,-1,0,272,5.912
5,64,1,1,1,-1,0,1,2,1,0,212,5.5059
5,66,3,2,1,0,-1,2,2,-1,1,276,5.2419
5,67,1,1,1,1,0,1,2,1,1,221,5.3573
5,68,3,2,1,-1,0,1,2,1,0,254,5.8407
5,73,2,1,2,1,0,1,2,1,1,248,5.8527
5,74,2,1,2,0,1,2,2,1,1,269,6.6625
5,75,2,1,2,1,0,1,2,-1,0,260,6.372
5,76,1,1,2,0,1,2,2,1,1,220,6.4923
5,77,3,2,1,1,0,1,2,1,1,258,5.792
5,78,2,1,2,-1,0,1,2,-1,1,260,5.9728
5,79,5,3,1,1,0,1,2,1,1,283,5.923
5,82,5,4,2,1,0,1,2,-1,0,265,6.493
5,85,3,2,1,-1,0,1,2,-1,1,279,5.4712
5,86,5,4,2,1,0,1,2,1,1,260,5.1401
5,88,3,2,1,0,-1,2,2,-1,1,254,5.338
5,91,2,1,2,-1,0,1,2,-1,1,240,5.8533
5,96,2,1,1,0,-1,2,2,-1,1,240,6.2116
5,98,2,2,1,1,0,1,2,1,1,220,5.5045
5,100,5,4,2,0,1,2,2,1,1,277,5.6065
5,103,2,1,1,-1,0,1,2,1,0,254,5.1656
5,107,2,1,2,1,0,1,2,1,1,237,6.3296
5,109,3,2,2,0,1,2,2,-1,0,272,5.2484
5,110,3,1,1,-1,0,1,2,-1,1,282,5.8381
5,111,5,4,1,0,-1,2,2,1,0,257,4.6417
5,112,4,2,1,0,-1,2,2,1,0,287,5.4257
5,115,5,4,1,0,1,2,2,1,1,262,5.0234
5,116,3,2,2,0,-1,2,2,-1,1,266,5.3009
5,117,2,1,2,0,-1,2,2,-1,1,268,6.1164
5,124,4,3,2,0,1,2,2,1,1,242,6.0982
5,125,5,3,1,0,-1,2,2,-1,1,286,6.1882
5,126,2,1,1,1,0,1,2,1,1,262,6.0522
5,127,2,1,1,-1,0,1,2,-1,1,264,5.8082
5,128,5,4,2,1,0,1,2,1,1,270,6.3834
5,129,4,2,2,0,1,2,2,1,1,281,5.8813
5,132,2,1,2,0,1,2,2,1,1,266,6.3205
5,134,2,2,1,0,1,2,2,1,1,229,5.783
5,136,2,1,1,0,1,2,2,1,1,252,5.3613
5,137,5,4,2,0,1,2,2,1,1,254,6.6422
5,138,5,4,1,1,0,1,2,1,1,265,5.4259
5,139,5,4,2,0,1,2,2,1,1,265,5.7707
5,140,2,1,1,0,1,2,2,1,1,260,4.9413
5,142,5,3,1,-1,0,1,2,-1,1,284,3.8862
5,146,2,1,1,0,-1,2,2,-1,1,270,4.9624
5,149,2,1,2,0,1,2,2,1,1,269,5.5009
5,151,2,1,1,0,-1,2,2,-1,1,258,5.2455
5,152,5,4,2,-1,0,1,2,-1,1,274,6.0237
5,153,3,1,2,0,-1,2,2,1,0,282,5.45
5,155,3,2,1,-1,0,1,2,-1,1,275,5.0157
5,1,3,2,2,0,-1,2,2,-1,1,276,6.204
5,4,4,3,1,0,-1,2,2,-1,1,271,5.2028
5,120,4,3,2,-1,0,1,2,-1,1,265,5.3752
6,1,2,1,1,0,-1,2,2,1,0,258,6.1706
6,5,3,2,2,1,0,1,2,1,1,237,6.6029
6,6,3,2,1,-1,0,1,2,1,0,276,5.3942
6,7,3,2,2,0,-1,2,2,-1,1,262,5.1632
6,11,3,3,2,1,0,1,2,1,1,225,6.4884
6,12,5,3,1,1,0,1,2,1,1,287,6.0413
6,14,5,4,2,0,1,2,2,1,1,269,7.5202
6,16,5,4,1,0,-1,2,2,1,0,236,6.3595
6,19,5,4,2,0,1,2,2,1,1,271,6.7042
6,20,4,3,1,1,0,1,2,1,1,236,6.3736
6,22,4,3,2,0,-1,2,2,-1,1,262,5.2652
6,23,2,1,1,-1,0,1,2,-1,1,239,5.5968
6,25,5,4,2,0,-1,2,2,-1,1,278,5.8724
6,26,2,1,1,0,-1,2,2,1,0,270,6.2971
6,30,4,3,2,0,-1,2,2,-1,1,244,7.0366
6,31,3,2,1,1,0,1,2,1,1,260,5.6435
6,32,2,1,2,-1,0,1,2,1,0,249,6.274
6,33,4,3,2,-1,0,1,2,-1,1,275,5.6168
6,34,5,4,2,-1,0,1,2,-1,1,264,7.5017
6,35,4,2,1,-1,0,1,2,-1,1,286,6.7843
6,38,2,1,1,0,1,2,2,1,1,254,6.3691
6,42,2,1,2,0,-1,2,2,-1,1,240,6.3165
6,45,3,2,1,0,-1,2,2,1,0,267,5.7912
6,47,4,3,1,1,0,1,2,1,1,261,6.0662
6,48,4,3,2,1,0,1,2,1,1,263,5.687
6,49,2,1,2,1,0,1,2,1,1,246,6.3966
6,56,4,3,2,1,0,1,2,1,1,257,6.9071
6,60,2,1,2,0,1,2,2,-1,0,250,6.4015
6,61,5,4,2,1,0,1,2,1,1,272,6.715
6,62,3,2,2,0,1,2,2,1,1,251,6.267
6,63,2,1,2,1,0,1,2,1,1,250,6.5703
6,64,5,4,1,0,-1,2,2,1,0,275,6.134
6,70,4,3,1,1,0,1,2,1,1,256,5.9549
6,72,4,3,1,-1,0,1,2,1,0,261,5.7422
6,76,2,1,2,1,0,1,2,1,1,246,6.08
6,77,5,4,1,-1,0,1,2,-1,1,277,6.0205
6,80,3,2,1,1,0,1,2,1,1,266,5.8816
6,83,3,2,1,0,1,2,2,1,1,278,5.9982
6,84,4,3,2,-1,0,1,2,-1,1,272,5.5893
6,86,5,4,1,0,1,2,2,1,1,262,6.9896
6,87,3,2,1,0,-1,2,2,-1,1,280,6.2901
6,91,3,2,2,0,-1,2,2,-1,1,278,6.3846
6,94,5,3,1,0,1,2,2,1,1,286,6.0135
6,96,4,3,1,0,1,2,2,1,1,268,7.2166
6,97,1,1,1,-1,0,1,2,1,0,219,6.5989
6,102,4,3,2,-1,0,1,2,-1,1,261,5.9513
6,107,2,1,1,1,0,1,2,1,1,245,6.0755
6,119,4,2,2,-1,0,1,2,-1,1,282,6.5709
6,121,4,3,2,1,0,1,2,1,1,266,6.6933
6,123,3,2,2,0,1,2,2,-1,0,256,6.4498
6,128,2,1,1,0,-1,2,2,1,0,264,6.1728
6,133,2,1,1,-1,0,1,2,-1,1,253,6.4777
6,136,4,2,2,1,0,1,2,1,1,282,7.2026
6,137,5,4,2,0,1,2,2,1,1,263,7.3955
6,138,2,1,1,-1,0,1,2,-1,1,266,6.7396
6,144,5,4,2,1,0,1,2,-1,0,263,7.0354
6,155,3,2,2,0,1,2,2,1,1,266,6.3692
6,158,4,3,2,0,1,2,2,-1,0,251,6.6377
6,159,5,3,2,0,-1,2,2,-1,1,285,6.2585
6,15,5,4,1,0,1,2,2,1,1,253,6.3802
7,4,5,4,2,1,0,1,2,-1,0,265,7.1247
7,5,2,1,2,0,1,2,2,-1,0,248,5.6782
7,10,5,4,1,0,1,2,2,1,1,244,5.2783
7,11,3,2,1,1,0,1,2,1,1,272,5.7689
7,12,3,1,2,1,0,1,2,1,1,279,6.0674
7,14,2,1,2,0,-1,2,2,-1,1,265,6.4781
7,19,4,3,2,1,0,1,2,1,1,264,5.6665
7,20,2,1,2,1,0,1,2,1,1,254,6.2389
7,27,3,2,2,0,1,2,2,1,1,271,6.2462
7,32,4,3,2,1,0,1,2,-1,0,250,6.5808
7,34,4,2,2,-1,0,1,2,1,0,282,6.5147
7,38,2,1,2,0,-1,2,2,-1,1,273,6.5319
7,39,4,2,1,0,-1,2,2,-1,1,286,6.637
7,41,4,2,1,1,0,1,2,1,1,283,7.1204
7,42,2,1,1,-1,0,1,2,-1,1,280,6.509
7,43,4,3,1,0,1,2,2,1,1,275,6.1407
7,46,5,3,2,0,1,2,2,-1,0,279,6.6905
7,51,4,3,2,1,0,1,2,1,1,267,6.0902
7,54,3,2,2,0,1,2,2,1,1,270,5.8185
7,55,5,4,1,0,1,2,2,1,1,275,6.5571
7,58,3,2,1,1,0,1,2,1,1,247,6.7428
7,59,2,1,2,1,0,1,2,1,1,237,6.7056
7,60,2,1,2,0,-1,2,2,-1,1,260,7.1355
7,64,4,3,2,0,1,2,2,-1,0,275,6.1169
7,66,5,4,2,1,0,1,2,1,1,265,7.7254
7,67,4,3,1,0,1,2,2,1,1,277,6.4205
7,69,2,1,2,0,1,2,2,1,1,235,7.6791
7,71,5,4,1,1,0,1,2,1,1,259,5.9913
7,72,3,2,1,-1,0,1,2,1,0,276,6.0721
7,75,5,4,2,-1,0,1,2,-1,1,270,7.3289
7,81,3,1,1,-1,0,1,2,-1,1,282,6.3396
7,82,4,3,2,0,-1,2,2,-1,1,274,6.6166
7,83,3,2,2,0,1,2,2,1,1,272,6.6577
7,84,3,1,2,1,0,1,2,1,1,285,7.6486
7,87,5,4,2,0,-1,2,2,-1,1,270,6.1729
7,88,4,3,1,-1,0,1,2,-1,1,240,6.3868
7,89,3,2,1,1,0,1,2,1,1,266,6.2825
7,92,5,4,1,1,0,1,2,1,1,243,6.4158
7,97,3,2,2,1,0,1,2,-1,0,264,6.6048
7,99,4,2,2,1,0,1,2,1,1,280,6.799
7,100,3,2,1,0,1,2,2,1,1,278,6.4137
7,102,4,2,1,0,1,2,2,1,1,286,6.574
7,105,2,1,2,-1,0,1,2,1,0,254,6.2636
7,107,5,4,1,0,-1,2,2,-1,1,264,5.6367
7,111,2,1,2,-1,0,1,2,-1,1,263,7.2761
7,113,3,2,2,-1,0,1,2,-1,1,277,6.7306
7,115,2,1,2,-1,0,1,2,-1,1,239,5.711
7,116,3,2,1,1,0,1,2,1,1,265,4.8481
7,118,3,2,1,-1,0,1,2,-1,1,278,6.8759
7,120,2,1,2,0,-1,2,2,1,0,259,6.3583
7,122,2,1,2,1,0,1,2,-1,0,256,6.6552
7,123,3,2,2,-1,0,1,2,1,0,257,6.4382
7,128,5,4,2,0,1,2,2,1,1,251,6.1009
7,131,4,3,2,0,-1,2,2,-1,1,244,6.9649
7,132,2,1,1,-1,0,1,2,-1,1,266,6.3386
7,136,5,4,2,0,-1,2,2,1,0,275,6.7525
7,139,2,1,1,-1,0,1,2,-1,1,273,6.355
7,142,2,1,1,-1,0,1,2,1,0,250,6.465
7,144,3,1,2,0,-1,2,2,-1,1,285,6.5579
7,156,3,2,2,0,-1,2,2,-1,1,261,6.9973
