2,1,0,4,0,0,-1,2,1,-1,1,NaN,NaN
2,3,0,6,0,0,1,2,1,1,1,NaN,NaN
2,4,0,4,0,0,1,2,1,1,1,NaN,NaN
2,5,0,2,0,1,0,1,1,1,1,NaN,NaN
2,6,0,2,0,0,-1,2,1,-1,1,NaN,NaN
2,7,0,4,0,0,-1,2,1,-1,1,NaN,NaN
2,8,0,4,0,-1,0,1,1,-1,1,NaN,NaN
2,9,0,4,0,-1,0,1,1,-1,1,NaN,NaN
2,10,0,2,0,0,-1,2,1,-1,1,NaN,NaN
2,11,0,1,0,0,1,2,1,-1,0,NaN,NaN
2,12,0,3,0,-1,0,1,1,-1,1,NaN,NaN
2,13,0,4,0,0,1,2,1,-1,0,NaN,NaN
2,14,0,3,0,-1,0,1,1,1,0,NaN,NaN
2,15,0,5,0,1,0,1,1,1,1,NaN,NaN
2,16,0,2,0,0,-1,2,1,-1,1,NaN,NaN
2,17,0,1,0,1,0,1,1,1,1,NaN,NaN
2,18,0,1,0,0,-1,2,1,1,0,NaN,NaN
2,19,0,5,0,-1,0,1,1,-1,1,NaN,NaN
2,20,0,5,0,-1,0,1,1,1,0,NaN,NaN
2,21,0,4,0,1,0,1,1,1,1,NaN,NaN
2,22,0,1,0,0,1,2,1,-1,0,NaN,NaN
2,23,0,5,0,1,0,1,1,1,1,NaN,NaN
2,24,0,4,0,1,0,1,1,1,1,NaN,NaN
2,25,0,4,0,-1,0,1,1,-1,1,NaN,NaN
2,26,0,1,0,0,-1,2,1,-1,1,NaN,NaN
2,27,0,3,0,1,0,1,1,1,1,NaN,NaN
2,28,0,5,0,0,-1,2,1,-1,1,NaN,NaN
2,29,0,3,0,1,0,1,1,1,1,NaN,NaN
2,30,0,1,0,0,1,2,1,1,1,NaN,NaN
2,31,0,4,0,1,0,1,1,1,1,NaN,NaN
2,32,0,4,0,0,-1,2,1,-1,1,NaN,NaN
2,33,0,5,0,0,-1,2,1,1,0,NaN,NaN
2,34,0,6,0,1,0,1,1,1,1,NaN,NaN
2,35,0,3,0,0,-1,2,1,-1,1,NaN,NaN
2,36,0,6,0,-1,0,1,1,-1,1,NaN,NaN
2,37,0,6,0,1,0,1,1,1,1,NaN,NaN
2,38,0,2,0,0,1,2,1,1,1,NaN,NaN
2,39,0,1,0,-1,0,1,1,1,0,NaN,NaN
2,40,0,4,0,0,1,2,1,1,1,NaN,NaN
2,41,0,2,0,1,0,1,1,-1,0,NaN,NaN
2,42,0,4,0,1,0,1,1,1,1,NaN,NaN
2,43,0,3,0,0,1,2,1,1,1,NaN,NaN
2,45,0,4,0,-1,0,1,1,-1,1,NaN,NaN
2,46,0,3,0,-1,0,1,1,-1,1,NaN,NaN
2,47,0,6,0,-1,0,1,1,-1,1,NaN,NaN
2,48,0,5,0,-1,0,1,1,-1,1,NaN,NaN
2,49,0,2,0,0,1,2,1,-1,0,NaN,NaN
2,50,0,1,0,-1,0,1,1,-1,1,NaN,NaN
2,51,0,3,0,0,1,2,1,1,1,NaN,NaN
2,52,0,2,0,1,0,1,1,1,1,NaN,NaN
2,53,0,6,0,0,1,2,1,1,1,NaN,NaN
2,54,0,1,0,0,-1,2,1,1,0,NaN,NaN
2,55,0,3,0,0,1,2,1,1,1,NaN,NaN
2,56,0,3,0,0,-1,2,1,1,0,NaN,NaN
2,57,0,5,0,0,-1,2,1,-1,1,NaN,NaN
2,59,0,3,0,1,0,1,1,1,1,NaN,NaN
2,60,0,6,0,-1,0,1,1,-1,1,NaN,NaN
2,61,0,2,0,-1,0,1,1,-1,1,NaN,NaN
2,62,0,2,0,0,-1,2,1,-1,1,NaN,NaN
2,63,0,2,0,0,1,2,1,-1,0,NaN,NaN
2,64,0,5,0,1,0,1,1,1,1,NaN,NaN
2,65,0,3,0,0,-1,2,1,-1,1,NaN,NaN
2,66,0,4,0,0,-1,2,1,-1,1,NaN,NaN
2,67,0,2,0,1,0,1,1,1,1,NaN,NaN
2,68,0,2,0,-1,0,1,1,-1,1,NaN,NaN
2,69,0,6,0,0,1,2,1,1,1,NaN,NaN
2,70,0,5,0,0,1,2,1,1,1,NaN,NaN
2,71,0,4,0,-1,0,1,1,-1,1,NaN,NaN
2,72,0,2,0,1,0,1,1,1,1,NaN,NaN
2,73,0,4,0,0,1,2,1,1,1,NaN,NaN
2,74,0,5,0,0,-1,2,1,-1,1,NaN,NaN
2,75,0,4,0,-1,0,1,1,-1,1,NaN,NaN
2,76,0,5,0,-1,0,1,1,-1,1,NaN,NaN
2,77,0,5,0,0,-1,2,1,-1,1,NaN,NaN
2,78,0,1,0,0,1,2,1,1,1,NaN,NaN
2,79,0,6,0,-1,0,1,1,-1,1,NaN,NaN
2,80,0,6,0,1,0,1,1,1,1,NaN,NaN
2,81,0,5,0,-1,0,1,1,-1,1,NaN,NaN
2,82,0,4,0,-1,0,1,1,-1,1,NaN,NaN
2,83,0,1,0,0,-1,2,1,-1,1,NaN,NaN
2,85,0,3,0,-1,0,1,1,-1,1,NaN,NaN
2,86,0,5,0,1,0,1,1,1,1,NaN,NaN
2,87,0,5,0,0,-1,2,1,-1,1,NaN,NaN
2,88,0,2,0,0,-1,2,1,-1,1,NaN,NaN
2,89,0,6,0,1,0,1,1,1,1,NaN,NaN
2,90,0,3,0,0,-1,2,1,-1,1,NaN,NaN
2,91,0,2,0,1,0,1,1,1,1,NaN,NaN
2,92,0,5,0,1,0,1,1,-1,0,NaN,NaN
2,94,0,4,0,1,0,1,1,1,1,NaN,NaN
2,95,0,2,0,1,0,1,1,1,1,NaN,NaN
2,96,0,2,0,-1,0,1,1,1,0,NaN,NaN
2,97,0,2,0,0,1,2,1,-1,0,NaN,NaN
2,98,0,3,0,0,1,2,1,-1,0,NaN,NaN
2,99,0,5,0,-1,0,1,1,-1,1,NaN,NaN
2,100,0,1,0,-1,0,1,1,1,0,NaN,NaN
2,101,0,2,0,0,-1,2,1,-1,1,NaN,NaN
2,102,0,1,0,1,0,1,1,1,1,NaN,NaN
2,103,0,2,0,1,0,1,1,1,1,NaN,NaN
2,104,0,3,0,-1,0,1,1,-1,1,NaN,NaN
2,105,0,3,0,0,1,2,1,-1,0,NaN,NaN
2,106,0,3,0,0,-1,2,1,1,0,NaN,NaN
2,107,0,1,0,-1,0,1,1,1,0,NaN,NaN
2,108,0,6,0,1,0,1,1,1,1,NaN,NaN
2,109,0,1,0,0,-1,2,1,-1,1,NaN,NaN
2,110,0,2,0,0,-1,2,1,-1,1,NaN,NaN
2,111,0,2,0,1,0,1,1,-1,0,NaN,NaN
2,112,0,6,0,1,0,1,1,1,1,NaN,NaN
2,113,0,2,0,1,0,1,1,1,1,NaN,NaN
2,114,0,3,0,1,0,1,1,1,1,NaN,NaN
2,115,0,3,0,0,1,2,1,1,1,NaN,NaN
2,116,0,1,0,0,1,2,1,1,1,NaN,NaN
2,117,0,3,0,0,1,2,1,1,1,NaN,NaN
2,118,0,2,0,0,1,2,1,1,1,NaN,NaN
2,119,0,6,0,-1,0,1,1,-1,1,NaN,NaN
2,120,0,3,0,-1,0,1,1,1,0,NaN,NaN
2,121,0,1,0,-1,0,1,1,1,0,NaN,NaN
2,122,0,4,0,0,-1,2,1,-1,1,NaN,NaN
2,123,0,2,0,-1,0,1,1,-1,1,NaN,NaN
2,124,0,1,0,0,1,2,1,-1,0,NaN,NaN
2,125,0,2,0,0,1,2,1,1,1,NaN,NaN
2,126,0,5,0,0,-1,2,1,-1,1,NaN,NaN
2,127,0,2,0,-1,0,1,1,-1,1,NaN,NaN
2,128,0,2,0,0,-1,2,1,-1,1,NaN,NaN
2,129,0,3,0,-1,0,1,1,-1,1,NaN,NaN
2,130,0,3,0,-1,0,1,1,1,0,NaN,NaN
2,131,0,5,0,0,1,2,1,1,1,NaN,NaN
2,132,0,1,0,1,0,1,1,1,1,NaN,NaN
2,133,0,2,0,-1,0,1,1,-1,1,NaN,NaN
2,134,0,1,0,-1,0,1,1,1,0,NaN,NaN
2,138,0,5,0,-1,0,1,1,-1,1,NaN,NaN
2,139,0,1,0,1,0,1,1,1,1,NaN,NaN
2,142,0,4,0,-1,0,1,1,1,0,NaN,NaN
2,143,0,1,0,1,0,1,1,-1,0,NaN,NaN
2,145,0,5,0,1,0,1,1,1,1,NaN,NaN
2,146,0,1,0,1,0,1,1,1,1,NaN,NaN
2,147,0,2,0,-1,0,1,1,-1,1,NaN,NaN
2,148,0,6,0,0,-1,2,1,-1,1,NaN,NaN
2,150,0,3,0,0,-1,2,1,-1,1,NaN,NaN
2,151,0,6,0,0,-1,2,1,-1,1,NaN,NaN
2,152,0,3,0,0,-1,2,1,-1,1,NaN,NaN
2,153,0,3,0,-1,0,1,1,1,0,NaN,NaN
2,155,0,3,0,0,1,2,1,-1,0,NaN,NaN
2,156,0,3,0,1,0,1,1,1,1,NaN,NaN
2,157,0,4,0,1,0,1,1,1,1,NaN,NaN
2,158,0,6,0,-1,0,1,1,-1,1,NaN,NaN
2,159,0,3,0,1,0,1,1,1,1,NaN,NaN
2,160,0,1,0,-1,0,1,1,-1,1,NaN,NaN
2,2,0,2,0,0,1,2,1,1,1,NaN,NaN
2,44,0,6,0,-1,0,1,1,1,0,NaN,NaN
2,84,0,2,0,0,1,2,1,1,1,NaN,NaN
2,93,0,3,0,1,0,1,1,1,1,NaN,NaN
2,135,0,6,0,1,0,1,1,1,1,NaN,NaN
2,136,0,6,0,0,-1,2,1,-1,1,NaN,NaN
2,137,0,6,0,1,0,1,1,1,1,NaN,NaN
2,140,0,6,0,0,1,2,1,1,1,NaN,NaN
2,141,0,1,0,-1,0,1,1,-1,1,NaN,NaN
2,144,0,1,0,1,0,1,1,-1,0,NaN,NaN
2,149,0,5,0,0,-1,2,1,-1,1,NaN,NaN
2,154,0,6,0,0,1,2,1,-1,0,NaN,NaN
2,58,0,3,0,1,0,1,1,1,1,NaN,NaN
3,2,1,6,1,1,0,1,1,1,1,213,5.3281
3,3,1,6,1,0,1,2,1,-1,0,215,7.3114
3,5,1,3,1,1,0,1,1,1,1,200,6.5782
3,8,1,1,1,0,1,2,1,-1,0,210,6.844
3,9,1,5,1,0,1,2,1,1,1,204,6.8782
3,10,1,4,1,0,1,2,1,-1,0,220,6.8492
3,11,1,6,1,1,0,1,1,1,1,232,5.2753
3,13,1,2,2,-1,0,1,1,-1,1,236,4.1532
3,14,1,3,1,1,0,1,1,1,1,236,5.3005
3,15,1,1,2,0,1,2,1,1,1,373,5.5623
3,20,1,4,1,1,0,1,1,1,1,218,6.8678
3,21,1,3,2,0,1,2,1,-1,0,202,5.9724
3,24,1,5,2,1,0,1,1,1,1,207,6.2151
3,25,1,2,1,-1,0,1,1,-1,1,226,4.0161
3,26,1,5,1,1,0,1,1,1,1,219,5.6746
3,28,1,4,1,0,1,2,1,-1,0,224,5.7257
3,29,1,6,2,1,0,1,1,1,1,241,5.172
3,31,1,6,2,0,-1,2,1,-1,1,223,6.5409
3,32,1,1,2,0,1,2,1,1,1,218,5.5867
3,33,1,4,1,1,0,1,1,1,1,201,6.6511
3,36,1,3,1,-1,0,1,1,1,0,202,5.302
3,37,1,2,1,1,0,1,1,1,1,200,7.4915
3,38,1,2,1,0,1,2,1,-1,0,209,7.8011
3,39,1,3,2,1,0,1,1,1,1,237,6.2775
3,41,1,6,1,0,-1,2,1,-1,1,211,6.5095
3,43,1,4,2,-1,0,1,1,1,0,233,7.1411
3,45,1,6,1,0,-1,2,1,-1,1,227,6.6242
3,46,1,2,2,0,1,2,1,1,1,205,7.007
3,48,1,5,2,0,1,2,1,1,1,207,5.766
3,49,1,3,2,1,0,1,1,1,1,216,4.518
3,52,1,2,1,0,-1,2,1,-1,1,227,6.4979
3,55,1,1,1,0,1,2,1,-1,0,252,4.4637
3,57,1,2,2,-1,0,1,1,1,0,203,6.8333
3,59,1,2,2,0,1,2,1,-1,0,208,7.5757
3,61,1,3,2,0,-1,2,1,-1,1,203,6.0041
3,62,1,4,2,1,0,1,1,1,1,237,6.0682
3,63,1,6,2,0,-1,2,1,-1,1,267,4.543
3,64,1,6,2,-1,0,1,1,1,0,243,5.2037
3,65,1,2,1,1,0,1,1,-1,0,241,6.5369
3,67,1,5,2,0,1,2,1,1,1,200,6.6244
3,68,1,5,2,0,-1,2,1,-1,1,215,5.5666
3,69,1,1,1,-1,0,1,1,-1,1,205,3.6647
3,71,1,6,1,0,1,2,1,-1,0,225,6.2022
3,73,1,6,1,0,1,2,1,1,1,221,6.4212
3,74,1,4,2,-1,0,1,1,1,0,242,6.0233
3,76,1,2,2,0,-1,2,1,-1,1,208,7.0215
3,77,1,6,1,0,-1,2,1,-1,1,220,5.7247
3,78,1,5,1,0,-1,2,1,1,0,214,5.0828
3,79,1,2,1,0,1,2,1,-1,0,218,6.9595
3,80,1,6,1,0,-1,2,1,-1,1,206,7.2629
3,84,1,2,1,0,1,2,1,1,1,203,6.6084
3,85,1,1,1,-1,0,1,1,-1,1,245,7.4827
3,87,1,1,2,-1,0,1,1,1,0,269,5.6562
3,89,1,5,2,1,0,1,1,1,1,234,4.7033
3,90,1,5,2,0,1,2,1,1,1,231,4.9084
3,91,1,2,1,-1,0,1,1,-1,1,208,7.9802
3,92,1,5,1,1,0,1,1,1,1,220,6.14
3,93,1,4,2,0,1,2,1,1,1,204,5.6211
3,94,1,2,2,1,0,1,1,-1,0,226,6.9138
3,95,1,2,2,-1,0,1,1,1,0,210,8.1385
3,96,1,2,1,0,1,2,1,-1,0,200,4.6863
3,100,1,4,2,0,-1,2,1,-1,1,223,6.7188
3,103,1,2,2,1,0,1,1,1,1,242,5.3474
3,105,1,2,1,0,1,2,1,-1,0,201,8.5832
3,106,1,2,2,0,-1,2,1,1,0,209,5.9695
3,108,1,5,2,1,0,1,1,1,1,213,4.4162
3,109,1,6,2,-1,0,1,1,-1,1,223,6.8245
3,110,1,1,1,0,-1,2,1,-1,1,226,5.3395
3,111,1,6,1,-1,0,1,1,-1,1,201,7.961
3,112,1,3,1,0,1,2,1,1,1,215,7.4742
3,116,1,2,1,0,-1,2,1,1,0,231,7.906
3,117,1,3,1,-1,0,1,1,1,0,237,5.831
3,118,1,2,1,0,1,2,1,-1,0,207,7.0685
3,119,1,3,1,-1,0,1,1,1,0,202,6.8634
3,120,1,6,2,1,0,1,1,1,1,222,6.3251
3,122,1,3,2,0,1,2,1,-1,0,232,8.256
3,123,1,3,1,1,0,1,1,1,1,212,6.2164
3,124,1,2,1,0,-1,2,1,1,0,223,5.692
3,125,1,2,2,0,-1,2,1,-1,1,202,4.8044
3,126,1,5,1,0,-1,2,1,-1,1,205,7.0368
3,127,1,6,1,0,1,2,1,-1,0,202,6.6456
3,128,1,2,1,0,-1,2,1,-1,1,225,8.003
3,130,1,2,1,-1,0,1,1,-1,1,235,8.3562
3,131,1,3,2,0,-1,2,1,-1,1,207,6.0737
3,133,1,3,1,1,0,1,1,1,1,225,6.8647
3,134,1,6,2,-1,0,1,1,-1,1,213,6.1455
3,136,1,6,1,1,0,1,1,1,1,212,6.3696
3,137,1,5,1,-1,0,1,1,-1,1,213,8.1022
3,139,1,5,1,1,0,1,1,1,1,203,7.6577
3,140,1,3,1,0,1,2,1,-1,0,203,6.5585
3,142,1,2,1,0,1,2,1,1,1,215,5.8552
3,143,1,4,2,-1,0,1,1,-1,1,225,7.999
3,145,1,5,1,1,0,1,1,1,1,210,6.8851
3,146,1,2,1,-1,0,1,1,-1,1,201,7.3927
3,147,1,4,1,0,-1,2,1,1,0,242,5.8488
3,148,1,3,1,1,0,1,1,1,1,283,5.5343
3,149,1,2,1,0,-1,2,1,1,0,201,5.7514
3,150,1,6,1,1,0,1,1,1,1,222,5.2094
3,151,1,5,2,0,1,2,1,-1,0,234,7.1333
3,152,1,1,2,-1,0,1,1,1,0,223,7.1247
3,153,1,1,2,0,1,2,1,-1,0,211,7.0369
3,154,1,6,2,-1,0,1,1,1,0,223,6.3782
3,156,1,3,2,1,0,1,1,1,1,205,7.9845
3,158,1,3,1,0,1,2,1,-1,0,213,6.8439
3,53,1,6,1,1,0,1,1,1,1,209,7.1155
3,54,1,4,2,0,1,2,1,1,1,224,8.4527
4,1,1,6,1,1,-1,1,1,1,1,236,5.5058
4,2,1,3,1,1,-1,2,1,-1,1,228,5.5485
4,3,1,3,2,-1,-1,1,1,1,0,236,4.2564
4,4,1,1,1,1,-1,2,1,-1,1,207,5.5377
4,8,1,6,2,-1,-1,1,1,1,0,221,6.1229
4,9,1,6,1,1,-1,1,1,1,1,208,5.4064
4,13,1,3,1,1,1,2,1,-1,0,267,5.2507
4,15,1,5,2,1,-1,1,1,1,1,217,5.2155
4,19,1,5,1,-1,-1,1,1,-1,1,236,6.3204
4,21,1,2,2,1,-1,2,1,-1,1,206,4.7147
4,22,1,4,2,-1,1,2,1,1,1,237,5.7651
4,24,1,4,1,-1,-1,1,1,-1,1,205,6.541
4,25,1,6,1,-1,1,1,1,1,0,206,6.9407
4,29,1,3,1,1,1,2,1,1,1,224,5.2673
4,30,1,2,2,1,-1,2,1,-1,1,258,3.6286
4,31,1,3,2,-1,-1,1,1,-1,1,231,6.3438
4,32,1,2,2,1,-1,2,1,-1,1,217,7.4188
4,33,1,3,2,1,1,2,1,-1,0,206,4.8434
4,34,1,4,2,-1,1,2,1,1,1,218,5.8793
4,36,1,6,2,1,-1,1,1,1,1,219,7.1419
4,38,1,5,2,-1,1,2,1,1,1,203,7.297
4,39,1,5,1,-1,-1,2,1,-1,1,200,7.4635
4,42,1,2,1,-1,1,1,1,-1,1,210,3.3053
4,43,1,1,2,1,-1,2,1,-1,1,243,3.7814
4,47,1,5,2,1,-1,2,1,-1,1,228,6.7418
4,48,1,6,1,1,-1,2,1,-1,1,238,6.1548
4,49,1,6,1,-1,-1,1,1,-1,1,212,5.9519
4,50,1,4,1,1,-1,1,1,1,1,225,5.6665
4,51,1,3,2,-1,-1,2,1,-1,1,200,5.1146
4,52,1,5,2,-1,1,1,1,1,0,231,4.7279
4,53,1,6,2,-1,-1,1,1,1,0,246,3.8933
4,56,1,3,2,-1,-1,1,1,1,0,200,6.343
4,58,1,4,2,1,-1,2,1,-1,1,222,6.6991
4,60,1,1,1,1,-1,1,1,-1,0,239,5.9587
4,62,1,2,2,1,-1,1,1,1,1,214,5.3492
4,63,1,4,1,1,1,2,1,1,1,212,6.0343
4,64,1,3,1,-1,1,2,1,1,1,215,6.5011
4,66,1,5,2,-1,1,2,1,1,1,226,4.7593
4,67,1,4,1,-1,-1,2,1,-1,1,211,6.7034
4,69,1,4,1,-1,-1,2,1,-1,1,219,4.2176
4,72,1,5,2,1,1,1,1,1,1,218,6.0538
4,73,1,5,2,1,-1,2,1,-1,1,236,7.2127
4,78,1,2,2,1,1,1,1,1,1,216,6.2717
4,80,1,2,1,1,1,1,1,1,1,202,7.9467
4,81,1,6,1,1,-1,1,1,1,1,240,5.8172
4,83,1,4,1,1,1,2,1,-1,0,217,6.7636
4,84,1,1,2,1,1,1,1,1,1,227,7.1928
4,85,1,3,1,1,-1,2,1,1,0,267,5.9659
4,86,1,1,2,-1,-1,1,1,-1,1,201,7.1181
4,88,1,4,2,1,-1,2,1,-1,1,218,5.934
4,90,1,6,1,1,-1,1,1,1,1,203,6.009
4,93,1,2,1,1,-1,2,1,-1,1,214,7.4031
4,94,1,3,2,1,1,1,1,1,1,206,6.2649
4,95,1,3,1,-1,-1,1,1,1,0,218,5.0517
4,96,1,3,1,-1,1,1,1,-1,1,256,7.3126
4,99,1,6,2,1,1,1,1,1,1,239,4.0409
4,100,1,3,2,1,1,2,1,1,1,216,6.067
4,101,1,3,2,1,1,2,1,1,1,210,5.1406
4,102,1,6,2,1,-1,1,1,1,1,207,5.9427
4,103,1,2,1,1,-1,2,1,1,0,202,6.9157
4,104,1,4,1,-1,-1,2,1,-1,1,253,5.874
4,105,1,5,2,1,1,1,1,1,1,226,6.8826
4,107,1,4,2,-1,-1,2,1,-1,1,207,4.285
4,109,1,1,1,1,1,1,1,1,1,218,5.0316
4,110,1,6,2,1,1,1,1,1,1,219,6.5096
4,112,1,5,1,-1,-1,2,1,-1,1,201,7.449
4,113,1,2,1,-1,1,2,1,1,1,211,7.1538
4,114,1,5,1,-1,1,1,1,-1,1,219,6.9879
4,115,1,5,2,1,-1,1,1,1,1,233,5.0463
4,117,1,4,1,-1,-1,1,1,1,0,229,6.23
4,119,1,4,2,1,-1,2,1,-1,1,233,10.927
4,121,1,6,1,-1,1,2,1,1,1,228,7.1671
4,122,1,2,2,-1,-1,1,1,1,0,204,7.49
4,123,1,4,2,-1,1,2,1,1,1,226,6.5914
4,124,1,5,2,-1,1,2,1,-1,0,215,6.9717
4,125,1,6,1,-1,-1,2,1,-1,1,211,5.3923
4,126,1,4,1,1,-1,2,1,1,0,211,5.6948
4,127,1,6,1,1,1,2,1,-1,0,254,6.2703
4,130,1,3,1,1,-1,1,1,1,1,223,5.6411
4,131,1,3,2,1,-1,1,1,1,1,225,4.3877
4,132,1,2,1,1,-1,2,1,-1,1,217,5.3925
4,133,1,6,2,-1,1,2,1,1,1,244,6.1695
4,134,1,4,1,-1,1,2,1,1,1,228,7.053
4,135,1,6,1,1,-1,2,1,-1,1,230,6.0515
4,136,1,1,1,1,-1,1,1,-1,0,208,6.9842
4,137,1,2,2,-1,-1,2,1,-1,1,203,6.4368
4,138,1,6,1,1,-1,1,1,1,1,224,6.7104
4,142,1,5,2,1,-1,2,1,-1,1,226,6.191
4,143,1,6,2,1,-1,1,1,1,1,212,5.7956
4,144,1,1,1,1,1,1,1,-1,0,447,4.0709
4,145,1,1,2,-1,1,2,1,1,1,208,5.672
4,146,1,2,2,-1,1,1,1,1,0,291,5.832
4,147,1,6,1,1,-1,1,1,1,1,211,6.2704
4,148,1,5,2,1,1,2,1,1,1,224,6.0867
4,149,1,5,1,-1,-1,2,1,1,0,200,5.9952
4,151,1,6,1,-1,-1,2,1,1,0,250,6.9679
4,153,1,2,1,1,1,1,1,1,1,200,7.442
4,155,1,5,1,-1,-1,2,1,1,0,206,6.3419
4,156,1,2,1,-1,-1,2,1,1,0,225,5.5455
4,157,1,4,1,-1,-1,1,1,-1,1,204,7.5253
4,159,1,1,1,1,1,1,1,-1,0,220,5.6966
4,160,1,3,2,1,1,1,1,1,1,207,6.3146
5,3,1,6,1,1,1,1,1,1,1,201,6.5971
5,6,1,5,2,1,-1,1,1,-1,0,218,7.6661
5,8,1,1,2,1,1,1,1,1,1,249,4.5129
5,9,1,4,2,-1,1,2,1,1,1,229,5.9008
5,10,1,1,2,1,1,2,1,-1,0,216,3.8067
5,11,1,5,1,-1,-1,1,1,-1,1,203,6.2702
5,14,1,2,2,-1,1,1,1,1,0,220,6.0492
5,15,1,6,2,-1,1,2,1,-1,0,201,6.7045
5,16,1,6,1,1,-1,2,1,-1,1,238,5.3424
5,17,1,4,2,-1,-1,1,1,1,0,237,5.8632
5,18,1,6,1,-1,1,2,1,1,1,214,6.7718
5,20,1,4,1,1,-1,1,1,1,1,226,5.2897
5,21,1,6,2,1,-1,1,1,1,1,220,5.8942
5,22,1,3,1,-1,-1,2,1,-1,1,219,5.8557
5,24,1,1,1,1,1,1,1,-1,0,218,5.9736
5,26,1,5,1,1,1,1,1,1,1,223,6.6941
5,27,1,1,1,1,1,2,1,-1,0,233,6.8446
5,28,1,5,2,1,-1,1,1,1,1,233,6.6466
5,31,1,2,2,1,1,2,1,-1,0,211,6.3362
5,32,1,4,1,-1,1,2,1,-1,0,202,7.669
5,33,1,3,1,1,-1,2,1,1,0,204,8.0472
5,35,1,2,2,-1,1,2,1,1,1,209,4.7254
5,36,1,2,2,-1,-1,1,1,1,0,202,6.7311
5,37,1,1,2,-1,-1,2,1,1,0,227,7.2711
5,38,1,5,1,1,1,2,1,1,1,208,6.0851
5,39,1,4,1,1,1,1,1,1,1,245,6.4811
5,40,1,2,2,1,1,2,1,1,1,227,6.9697
5,41,1,5,1,1,-1,1,1,1,1,239,6.3276
5,43,1,4,1,-1,-1,1,1,-1,1,227,6.3835
5,44,1,5,1,1,-1,2,1,-1,1,255,8.1015
5,45,1,2,2,-1,1,2,1,1,1,204,4.6096
5,46,1,4,1,-1,1,1,1,1,0,202,7.981
5,47,1,6,2,1,-1,2,1,-1,1,208,6.8349
5,48,1,4,2,1,-1,2,1,-1,1,231,5.9864
5,49,1,1,2,1,1,1,1,-1,0,215,6.0824
5,50,1,3,1,-1,1,2,1,1,1,205,6.8694
5,51,1,1,2,-1,-1,2,1,-1,1,202,6.2753
5,52,1,5,1,1,-1,1,1,1,1,217,5.9514
5,53,1,3,2,1,1,2,1,1,1,239,6.8394
5,56,1,2,1,-1,1,1,1,-1,1,286,5.798
5,58,1,3,1,1,1,1,1,-1,0,205,5.8368
5,59,1,2,1,1,1,2,1,1,1,237,6.6688
5,63,1,2,2,1,-1,1,1,-1,0,215,5.9662
5,64,1,3,1,-1,-1,1,1,-1,1,249,7.0377
5,65,1,4,2,-1,-1,2,1,-1,1,202,6.839
5,67,1,4,1,1,-1,1,1,1,1,223,5.4025
5,69,1,1,2,1,-1,1,1,-1,0,200,7.6639
5,70,1,5,2,-1,-1,2,1,-1,1,213,6.8902
5,72,1,6,1,1,-1,1,1,1,1,209,6.9036
5,73,1,6,2,-1,1,1,1,-1,1,224,7.1213
5,76,1,4,1,-1,1,2,1,1,1,206,6.3709
5,77,1,5,2,1,1,1,1,1,1,226,3.7265
5,79,1,1,2,1,1,1,1,1,1,228,5.6473
5,80,1,3,1,-1,1,1,1,-1,1,211,7.8596
5,81,1,1,1,-1,1,1,1,-1,1,205,5.8135
5,84,1,2,1,-1,-1,2,1,1,0,204,7.3888
5,86,1,2,2,1,-1,1,1,1,1,219,5.5345
5,87,1,3,1,-1,-1,1,1,-1,1,214,4.9025
5,89,1,5,2,-1,1,1,1,-1,1,224,9.225
5,90,1,4,2,1,1,1,1,1,1,200,6.6859
5,91,1,6,1,-1,-1,1,1,-1,1,226,6.6755
5,92,1,3,1,1,-1,1,1,1,1,232,5.7283
5,93,1,1,2,-1,1,2,1,1,1,222,3.685
5,94,1,2,2,1,-1,1,1,1,1,225,6.7906
5,96,1,6,1,-1,1,2,1,-1,0,226,5.1675
5,97,1,3,2,-1,-1,1,1,-1,1,248,5.3595
5,98,1,6,1,-1,1,2,1,1,1,211,5.8979
5,99,1,1,2,1,-1,1,1,-1,0,230,5.068
5,100,1,5,2,-1,-1,2,1,-1,1,211,5.2675
5,101,1,1,2,-1,1,1,1,1,0,265,5.6412
5,102,1,4,2,-1,1,2,1,1,1,210,6.9131
5,103,1,5,2,-1,1,1,1,1,0,226,4.6239
5,104,1,4,1,-1,1,2,1,1,1,228,5.8007
5,105,1,3,1,1,1,1,1,1,1,241,4.2527
5,106,1,5,1,1,-1,1,1,1,1,223,5.4151
5,107,1,4,1,1,-1,1,1,1,1,302,4.0341
5,108,1,5,1,-1,1,1,1,-1,1,219,6.2744
5,109,1,6,2,1,1,1,1,1,1,217,6.0009
5,111,1,2,1,1,1,1,1,-1,0,202,6.7158
5,112,1,1,1,-1,-1,2,1,1,0,206,6.181
5,115,1,5,2,1,-1,1,1,1,1,233,5.3727
5,116,1,2,2,-1,-1,2,1,-1,1,251,5.2353
5,117,1,1,2,-1,-1,1,1,-1,1,264,5.426
5,119,1,6,1,1,-1,1,1,1,1,200,6.5557
5,120,1,5,1,1,1,1,1,1,1,237,5.2615
5,121,1,6,1,-1,-1,2,1,-1,1,207,6.6637
5,122,1,2,2,-1,-1,2,1,1,0,218,5.801
5,123,1,2,1,-1,1,2,1,-1,0,212,7.4455
5,124,1,2,1,1,-1,2,1,1,0,305,5.9764
5,125,1,6,2,-1,1,1,1,1,0,201,7.7121
5,126,1,6,1,-1,1,1,1,-1,1,206,7.0787
5,127,1,1,2,-1,1,2,1,-1,0,300,4.5255
5,128,1,5,2,1,1,1,1,1,1,221,6.8183
5,130,1,2,1,-1,1,2,1,-1,0,220,6.5585
5,131,1,2,2,-1,1,1,1,-1,1,239,4.6828
5,132,1,2,2,-1,-1,2,1,1,0,200,7.2081
5,133,1,2,2,1,1,1,1,1,1,227,6.8202
5,134,1,2,1,1,1,1,1,-1,0,214,6.8935
5,135,1,6,1,1,-1,2,1,-1,1,237,5.9352
5,136,1,2,1,1,-1,2,1,-1,1,204,5.8879
5,137,1,3,2,-1,1,1,1,1,0,246,6.9679
5,138,1,2,1,-1,-1,2,1,-1,1,265,7.074
5,139,1,3,2,1,-1,1,1,1,1,217,6.7399
5,140,1,3,1,1,1,1,1,-1,0,204,7.8451
5,141,1,1,2,-1,1,2,1,1,1,214,6.4385
5,142,1,5,1,-1,1,1,1,-1,1,203,6.1004
5,143,1,6,2,1,1,2,1,-1,0,222,6.4564
5,145,1,3,1,1,-1,2,1,1,0,201,7.5389
5,146,1,4,1,1,1,1,1,1,1,219,6.9153
5,147,1,5,2,-1,1,2,1,-1,0,208,5.4819
5,148,1,5,2,-1,-1,1,1,-1,1,246,5.5305
5,150,1,3,1,-1,1,1,1,1,0,202,6.0845
5,151,1,6,1,-1,-1,2,1,-1,1,209,7.7319
5,153,1,5,1,-1,1,1,1,-1,1,238,5.476
5,154,1,5,2,1,-1,2,1,1,0,209,5.7641
5,156,1,2,1,1,1,1,1,1,1,206,7.7459
5,157,1,4,1,-1,-1,1,1,-1,1,226,5.4594
5,160,1,6,1,1,1,1,1,1,1,216,6.8511
6,1,0,3,0,0,-1,2,1,-1,1,NaN,NaN
6,2,0,1,0,-1,0,1,1,1,0,NaN,NaN
6,3,0,4,0,0,1,2,1,-1,0,NaN,NaN
6,4,0,4,0,0,-1,2,1,-1,1,NaN,NaN
6,5,0,4,0,-1,0,1,1,-1,1,NaN,NaN
6,6,0,6,0,-1,0,1,1,-1,1,NaN,NaN
6,7,0,4,0,1,0,1,1,1,1,NaN,NaN
6,8,0,1,0,1,0,1,1,1,1,NaN,NaN
6,9,0,6,0,-1,0,1,1,-1,1,NaN,NaN
6,10,0,6,0,1,0,1,1,1,1,NaN,NaN
6,11,0,3,0,0,-1,2,1,-1,1,NaN,NaN
6,12,0,3,0,0,1,2,1,1,1,NaN,NaN
6,13,0,4,0,1,0,1,1,1,1,NaN,NaN
6,14,0,6,0,0,-1,2,1,-1,1,NaN,NaN
6,15,0,3,0,0,1,2,1,1,1,NaN,NaN
6,16,0,1,0,1,0,1,1,-1,0,NaN,NaN
6,17,0,2,0,0,-1,2,1,-1,1,NaN,NaN
6,18,0,3,0,-1,0,1,1,-1,1,NaN,NaN
6,19,0,2,0,0,-1,2,1,-1,1,NaN,NaN
6,20,0,5,0,0,-1,2,1,-1,1,NaN,NaN
6,21,0,5,0,1,0,1,1,1,1,NaN,NaN
6,22,0,1,0,1,0,1,1,-1,0,NaN,NaN
6,23,0,5,0,0,-1,2,1,-1,1,NaN,NaN
6,24,0,1,0,-1,0,1,1,1,0,NaN,NaN
6,25,0,2,0,0,-1,2,1,1,0,NaN,NaN
6,26,0,1,0,0,1,2,1,-1,0,NaN,NaN
6,27,0,4,0,0,-1,2,1,-1,1,NaN,NaN
6,28,0,3,0,0,1,2,1,-1,0,NaN,NaN
6,29,0,6,0,-1,0,1,1,-1,1,NaN,NaN
6,30,0,6,0,0,1,2,1,-1,0,NaN,NaN
6,31,0,5,0,0,-1,2,1,1,0,NaN,NaN
6,32,0,6,0,0,1,2,1,1,1,NaN,NaN
6,33,0,1,0,1,0,1,1,1,1,NaN,NaN
6,34,0,4,0,0,1,2,1,-1,0,NaN,NaN
6,35,0,5,0,0,-1,2,1,-1,1,NaN,NaN
6,36,0,4,0,1,0,1,1,1,1,NaN,NaN
6,37,0,3,0,-1,0,1,1,1,0,NaN,NaN
6,38,0,2,0,-1,0,1,1,-1,1,NaN,NaN
6,39,0,1,0,-1,0,1,1,-1,1,NaN,NaN
6,40,0,5,0,0,1,2,1,1,1,NaN,NaN
6,41,0,2,0,1,0,1,1,1,1,NaN,NaN
6,42,0,3,0,0,-1,2,1,1,0,NaN,NaN
6,43,0,5,0,1,0,1,1,1,1,NaN,NaN
6,44,0,3,0,0,-1,2,1,1,0,NaN,NaN
6,45,0,1,0,1,0,1,1,-1,0,NaN,NaN
6,46,0,6,0,0,1,2,1,1,1,NaN,NaN
6,47,0,3,0,0,1,2,1,-1,0,NaN,NaN
6,48,0,1,0,0,-1,2,1,-1,1,NaN,NaN
6,49,0,4,0,0,1,2,1,1,1,NaN,NaN
6,50,0,3,0,-1,0,1,1,-1,1,NaN,NaN
6,51,0,2,0,1,0,1,1,-1,0,NaN,NaN
6,52,0,5,0,0,1,2,1,1,1,NaN,NaN
6,53,0,6,0,0,1,2,1,1,1,NaN,NaN
6,54,0,5,0,0,1,2,1,1,1,NaN,NaN
6,55,0,2,0,0,-1,2,1,-1,1,NaN,NaN
6,56,0,1,0,0,1,2,1,1,1,NaN,NaN
6,57,0,3,0,0,-1,2,1,1,0,NaN,NaN
6,58,0,5,0,0,1,2,1,1,1,NaN,NaN
6,59,0,3,0,1,0,1,1,1,1,NaN,NaN
6,60,0,2,0,0,-1,2,1,-1,1,NaN,NaN
6,61,0,5,0,-1,0,1,1,1,0,NaN,NaN
6,62,0,3,0,1,0,1,1,-1,0,NaN,NaN
6,63,0,2,0,0,1,2,1,1,1,NaN,NaN
6,64,0,4,0,-1,0,1,1,-1,1,NaN,NaN
6,65,0,4,0,0,-1,2,1,-1,1,NaN,NaN
6,66,0,6,0,0,1,2,1,-1,0,NaN,NaN
6,67,0,2,0,0,1,2,1,-1,0,NaN,NaN
6,68,0,3,0,0,-1,2,1,-1,1,NaN,NaN
6,69,0,4,0,-1,0,1,1,-1,1,NaN,NaN
6,70,0,6,0,1,0,1,1,1,1,NaN,NaN
6,71,0,6,0,0,1,2,1,-1,0,NaN,NaN
6,73,0,4,0,1,0,1,1,-1,0,NaN,NaN
6,74,0,3,0,0,-1,2,1,-1,1,NaN,NaN
6,75,0,1,0,1,0,1,1,1,1,NaN,NaN
6,76,0,4,0,1,0,1,1,1,1,NaN,NaN
6,77,0,4,0,0,1,2,1,-1,0,NaN,NaN
6,78,0,5,0,-1,0,1,1,-1,1,NaN,NaN
6,79,0,6,0,1,0,1,1,1,1,NaN,NaN
6,80,0,2,0,1,0,1,1,1,1,NaN,NaN
6,81,0,4,0,1,0,1,1,1,1,NaN,NaN
6,82,0,3,0,0,1,2,1,-1,0,NaN,NaN
6,83,0,3,0,0,1,2,1,-1,0,NaN,NaN
6,84,0,6,0,1,0,1,1,1,1,NaN,NaN
6,85,0,3,0,0,1,2,1,1,1,NaN,NaN
6,86,0,1,0,1,0,1,1,1,1,NaN,NaN
6,87,0,5,0,0,1,2,1,1,1,NaN,NaN
6,88,0,5,0,0,1,2,1,1,1,NaN,NaN
6,89,0,5,0,1,0,1,1,-1,0,NaN,NaN
6,90,0,2,0,-1,0,1,1,1,0,NaN,NaN
6,91,0,4,0,-1,0,1,1,1,0,NaN,NaN
6,92,0,2,0,1,0,1,1,1,1,NaN,NaN
6,93,0,6,0,1,0,1,1,1,1,NaN,NaN
6,94,0,3,0,0,1,2,1,-1,0,NaN,NaN
6,95,0,2,0,-1,0,1,1,1,0,NaN,NaN
6,96,0,2,0,1,0,1,1,-1,0,NaN,NaN
6,97,0,2,0,0,-1,2,1,-1,1,NaN,NaN
6,98,0,1,0,0,-1,2,1,-1,1,NaN,NaN
6,99,0,5,0,0,-1,2,1,-1,1,NaN,NaN
6,100,0,1,0,1,0,1,1,1,1,NaN,NaN
6,101,0,2,0,0,1,2,1,-1,0,NaN,NaN
6,102,0,5,0,-1,0,1,1,1,0,NaN,NaN
6,103,0,6,0,0,1,2,1,1,1,NaN,NaN
6,104,0,5,0,1,0,1,1,1,1,NaN,NaN
6,105,0,2,0,0,-1,2,1,1,0,NaN,NaN
6,106,0,1,0,1,0,1,1,-1,0,NaN,NaN
6,107,0,5,0,0,-1,2,1,-1,1,NaN,NaN
6,108,0,2,0,1,0,1,1,-1,0,NaN,NaN
6,109,0,2,0,-1,0,1,1,1,0,NaN,NaN
6,110,0,6,0,1,0,1,1,1,1,NaN,NaN
6,111,0,4,0,0,1,2,1,1,1,NaN,NaN
6,112,0,1,0,1,0,1,1,1,1,NaN,NaN
6,113,0,4,0,-1,0,1,1,-1,1,NaN,NaN
6,114,0,2,0,0,-1,2,1,1,0,NaN,NaN
6,115,0,2,0,0,-1,2,1,-1,1,NaN,NaN
6,116,0,5,0,-1,0,1,1,-1,1,NaN,NaN
6,117,0,4,0,1,0,1,1,1,1,NaN,NaN
6,118,0,1,0,1,0,1,1,-1,0,NaN,NaN
6,119,0,2,0,0,-1,2,1,-1,1,NaN,NaN
6,120,0,3,0,0,1,2,1,-1,0,NaN,NaN
6,121,0,3,0,-1,0,1,1,1,0,NaN,NaN
6,122,0,2,0,-1,0,1,1,-1,1,NaN,NaN
6,123,0,4,0,1,0,1,1,1,1,NaN,NaN
6,124,0,6,0,0,-1,2,1,-1,1,NaN,NaN
6,125,0,5,0,1,0,1,1,1,1,NaN,NaN
6,126,0,1,0,1,0,1,1,-1,0,NaN,NaN
6,127,0,1,0,0,1,2,1,1,1,NaN,NaN
6,128,0,4,0,0,-1,2,1,-1,1,NaN,NaN
6,129,0,6,0,1,0,1,1,1,1,NaN,NaN
6,130,0,1,0,0,1,2,1,-1,0,NaN,NaN
6,131,0,3,0,1,0,1,1,1,1,NaN,NaN
6,132,0,5,0,0,-1,2,1,-1,1,NaN,NaN
6,133,0,4,0,-1,0,1,1,-1,1,NaN,NaN
6,134,0,5,0,1,0,1,1,1,1,NaN,NaN
6,135,0,2,0,0,-1,2,1,-1,1,NaN,NaN
6,136,0,3,0,-1,0,1,1,1,0,NaN,NaN
6,137,0,5,0,0,1,2,1,1,1,NaN,NaN
6,138,0,5,0,-1,0,1,1,-1,1,NaN,NaN
6,139,0,1,0,1,0,1,1,-1,0,NaN,NaN
6,140,0,2,0,-1,0,1,1,1,0,NaN,NaN
6,141,0,4,0,0,1,2,1,1,1,NaN,NaN
6,142,0,5,0,1,0,1,1,1,1,NaN,NaN
6,143,0,2,0,-1,0,1,1,1,0,NaN,NaN
6,144,0,1,0,-1,0,1,1,-1,1,NaN,NaN
6,145,0,4,0,0,-1,2,1,-1,1,NaN,NaN
6,146,0,4,0,-1,0,1,1,1,0,NaN,NaN
6,147,0,5,0,0,1,2,1,1,1,NaN,NaN
6,148,0,3,0,0,1,2,1,1,1,NaN,NaN
6,149,0,2,0,-1,0,1,1,1,0,NaN,NaN
6,150,0,5,0,0,1,2,1,1,1,NaN,NaN
6,151,0,5,0,0,1,2,1,1,1,NaN,NaN
6,152,0,3,0,0,-1,2,1,-1,1,NaN,NaN
6,153,0,3,0,0,-1,2,1,-1,1,NaN,NaN
6,154,0,4,0,0,1,2,1,1,1,NaN,NaN
6,155,0,1,0,1,0,1,1,1,1,NaN,NaN
6,156,0,5,0,1,0,1,1,1,1,NaN,NaN
6,157,0,2,0,0,1,2,1,1,1,NaN,NaN
6,158,0,5,0,0,-1,2,1,-1,1,NaN,NaN
6,159,0,2,0,0,-1,2,1,1,0,NaN,NaN
6,160,0,6,0,1,0,1,1,1,1,NaN,NaN
6,72,0,3,0,0,1,2,1,1,1,NaN,NaN
7,1,1,2,2,0,-1,2,1,-1,1,234,5.8311
7,4,1,6,2,1,0,1,1,1,1,231,5.4258
7,5,1,3,1,-1,0,1,1,-1,1,223,6.5056
7,6,1,2,2,0,-1,2,1,-1,1,209,5.4893
7,7,1,1,2,-1,0,1,1,1,0,235,4.5539
7,8,1,6,2,0,-1,2,1,-1,1,232,5.4032
7,13,1,6,2,-1,0,1,1,1,0,210,7.6899
7,14,1,5,1,1,0,1,1,1,1,243,5.4668
7,15,1,5,2,1,0,1,1,1,1,209,5.9785
7,16,1,2,1,0,-1,2,1,-1,1,220,5.3589
7,18,1,4,1,0,-1,2,1,1,0,223,5.5844
7,20,1,6,1,1,0,1,1,1,1,218,5.8219
7,21,1,4,2,1,0,1,1,1,1,205,6.3459
7,22,1,6,2,1,0,1,1,1,1,209,7.0972
7,24,1,3,2,0,1,2,1,-1,0,205,8.4493
7,25,1,4,2,-1,0,1,1,1,0,201,7.1897
7,27,1,6,1,-1,0,1,1,-1,1,212,6.0494
7,28,1,5,2,-1,0,1,1,1,0,235,5.3486
7,30,1,5,1,0,1,2,1,1,1,224,6.3054
7,31,1,5,2,1,0,1,1,1,1,207,5.7918
7,32,1,5,1,1,0,1,1,1,1,205,6.0075
7,33,1,3,1,0,1,2,1,1,1,203,6.8028
7,34,1,3,1,0,-1,2,1,1,0,210,6.8176
7,35,1,6,2,0,1,2,1,-1,0,232,7.3774
7,36,1,3,1,-1,0,1,1,-1,1,207,6.591
7,37,1,2,1,-1,0,1,1,-1,1,223,5.1377
7,39,1,4,1,-1,0,1,1,-1,1,204,5.8083
7,40,1,1,1,0,-1,2,1,1,0,200,6.5907
7,44,1,2,2,-1,0,1,1,1,0,215,5.2826
7,47,1,5,2,0,-1,2,1,-1,1,231,7.2157
7,48,1,2,1,1,0,1,1,-1,0,218,6.2565
7,49,1,3,2,1,0,1,1,1,1,245,5.2814
7,50,1,3,1,0,1,2,1,1,1,200,5.2787
7,52,1,1,1,1,0,1,1,1,1,228,5.3025
7,55,1,5,2,0,-1,2,1,-1,1,224,6.2552
7,56,1,6,1,0,-1,2,1,-1,1,245,6.2819
7,59,1,4,1,-1,0,1,1,1,0,224,5.5884
7,60,1,3,1,-1,0,1,1,-1,1,222,6.4994
7,61,1,4,2,-1,0,1,1,-1,1,210,6.2878
7,62,1,5,2,0,-1,2,1,-1,1,223,6.3958
7,64,1,5,1,0,1,2,1,-1,0,218,6.6357
7,67,1,4,1,1,0,1,1,1,1,202,6.5997
7,69,1,4,2,0,1,2,1,-1,0,236,8.0435
7,70,1,6,2,1,0,1,1,1,1,224,5.6552
7,72,1,4,2,-1,0,1,1,-1,1,219,5.4464
7,74,1,6,2,0,-1,2,1,-1,1,247,4.5058
7,75,1,2,1,1,0,1,1,1,1,218,5.207
7,76,1,1,2,1,0,1,1,1,1,206,5.3662
7,77,1,3,1,1,0,1,1,1,1,237,5.6275
7,80,1,3,1,0,-1,2,1,1,0,200,6.6052
7,81,1,5,1,-1,0,1,1,1,0,224,5.7975
7,82,1,5,1,1,0,1,1,1,1,206,5.7588
7,83,1,4,1,1,0,1,1,1,1,230,6.5813
7,85,1,4,1,0,-1,2,1,1,0,227,5.5125
7,86,1,3,2,1,0,1,1,1,1,207,7.983
7,88,1,1,2,0,1,2,1,1,1,218,6.0084
7,89,1,4,1,1,0,1,1,1,1,204,5.4209
7,93,1,1,1,-1,0,1,1,1,0,214,7.3701
7,94,1,1,1,1,0,1,1,-1,0,224,7.1508
7,96,1,3,2,1,0,1,1,1,1,246,6.2943
7,97,1,3,2,1,0,1,1,1,1,210,3.5938
7,98,1,6,2,0,-1,2,1,-1,1,220,6.0152
7,99,1,4,1,0,-1,2,1,-1,1,204,4.5814
7,100,1,2,1,0,-1,2,1,1,0,244,6.9379
7,101,1,3,1,1,0,1,1,1,1,247,5.2932
7,102,1,4,1,1,0,1,1,1,1,231,6.8863
7,103,1,2,2,-1,0,1,1,-1,1,242,5.9336
7,105,1,4,1,0,-1,2,1,1,0,220,6.9581
7,107,1,3,2,0,1,2,1,-1,0,224,7.6289
7,108,1,5,1,0,-1,2,1,-1,1,204,6.9555
7,109,1,3,1,1,0,1,1,1,1,220,7.9126
7,110,1,2,2,1,0,1,1,1,1,201,6.2924
7,116,1,6,2,0,1,2,1,1,1,223,6.4574
7,117,1,6,2,1,0,1,1,-1,0,200,5.784
7,118,1,6,1,-1,0,1,1,-1,1,218,4.8678
7,119,1,1,1,-1,0,1,1,1,0,202,5.8401
7,121,1,6,2,1,0,1,1,1,1,297,5.7361
7,122,1,6,2,0,-1,2,1,-1,1,210,7.1015
7,123,1,1,2,0,1,2,1,1,1,235,5.0087
7,124,1,2,1,0,1,2,1,-1,0,202,5.7703
7,126,1,2,1,0,-1,2,1,-1,1,246,4.5952
7,128,1,6,1,0,1,2,1,1,1,218,4.4991
7,129,1,6,1,0,1,2,1,-1,0,208,5.2348
7,130,1,1,2,1,0,1,1,1,1,247,4.9075
7,132,1,3,2,-1,0,1,1,1,0,215,5.3141
7,133,1,2,2,1,0,1,1,-1,0,220,6.1465
7,134,1,3,2,0,-1,2,1,-1,1,207,5.3312
7,135,1,5,1,-1,0,1,1,-1,1,216,5.1702
7,136,1,5,2,0,1,2,1,1,1,244,5.5001
7,138,1,6,1,0,1,2,1,-1,0,239,4.2403
7,139,1,6,2,0,1,2,1,-1,0,222,4.3985
7,140,1,6,1,0,-1,2,1,-1,1,221,4.1816
7,141,1,4,1,1,0,1,1,1,1,226,4.6053
7,143,1,6,2,0,-1,2,1,-1,1,209,6.6626
7,144,1,3,2,0,-1,2,1,-1,1,205,4.0958
7,145,1,6,1,1,0,1,1,1,1,234,4.6141
7,147,1,1,2,0,1,2,1,1,1,216,5.1582
7,149,1,1,2,1,0,1,1,-1,0,225,5.7113
7,150,1,2,2,1,0,1,1,1,1,215,6.7958
7,152,1,2,2,1,0,1,1,1,1,207,5.9917
7,153,1,6,2,-1,0,1,1,-1,1,245,4.8508
7,156,1,6,1,0,-1,2,1,-1,1,212,4.9145
7,157,1,2,2,-1,0,1,1,1,0,209,7.0734
7,159,1,3,2,0,1,2,1,1,1,225,6.5436
7,160,1,5,2,1,0,1,1,1,1,217,7.3208
7,113,1,1,2,0,-1,2,1,1,0,236,9.0339
8,1,1,1,1,0,1,2,1,1,1,233,6.6321
8,3,1,2,2,1,0,1,1,-1,0,244,7.4575
8,5,1,4,2,-1,0,1,1,1,0,222,4.3244
8,6,1,3,2,0,-1,2,1,-1,1,240,5.5114
8,7,1,6,1,0,1,2,1,1,1,235,5.9228
8,8,1,2,2,-1,0,1,1,1,0,247,4.309
8,10,1,6,2,0,-1,2,1,-1,1,213,6.3341
8,13,1,6,2,1,0,1,1,1,1,222,4.9942
8,14,1,6,1,0,1,2,1,-1,0,209,5.8671
8,16,1,6,1,1,0,1,1,1,1,210,4.1996
8,17,1,3,1,0,-1,2,1,-1,1,209,4.3498
8,18,1,2,2,0,-1,2,1,-1,1,217,6.5777
8,19,1,1,2,0,1,2,1,-1,0,240,5.8521
8,20,1,3,2,1,0,1,1,1,1,208,3.9231
8,23,1,5,1,0,-1,2,1,1,0,236,5.9311
8,25,1,5,1,1,0,1,1,1,1,261,7.2649
8,28,1,5,2,0,1,2,1,-1,0,244,6.4409
8,30,1,2,1,0,1,2,1,-1,0,217,7.5719
8,31,1,2,1,1,0,1,1,1,1,205,5.9044
8,32,1,5,2,-1,0,1,1,1,0,226,8.002
8,33,1,3,2,0,1,2,1,1,1,228,7.2597
8,35,1,2,2,1,0,1,1,1,1,215,7.9067
8,36,1,5,2,-1,0,1,1,1,0,200,6.975
8,37,1,1,2,0,1,2,1,-1,0,208,6.9472
8,38,1,2,1,0,1,2,1,1,1,225,3.2495
8,39,1,4,1,0,-1,2,1,-1,1,225,6.8575
8,41,1,2,2,0,1,2,1,-1,0,243,6.6108
8,42,1,6,1,-1,0,1,1,1,0,244,5.5817
8,43,1,5,1,0,1,2,1,1,1,219,6.3159
8,44,1,2,2,0,1,2,1,1,1,237,6.3022
8,45,1,3,1,-1,0,1,1,-1,1,226,5.7698
8,46,1,4,2,0,-1,2,1,1,0,201,5.6818
8,47,1,4,2,0,1,2,1,1,1,200,5.4492
8,48,1,3,2,0,1,2,1,1,1,245,5.2815
8,49,1,6,2,-1,0,1,1,-1,1,219,7.011
8,50,1,4,1,0,-1,2,1,-1,1,251,6.5235
8,53,1,3,2,0,1,2,1,-1,0,221,4.3846
8,55,1,3,1,1,0,1,1,1,1,225,4.9946
8,56,1,3,1,0,1,2,1,-1,0,268,6.0171
8,58,1,1,2,0,1,2,1,1,1,201,4.9092
8,59,1,6,2,0,-1,2,1,-1,1,233,5.6433
8,61,1,4,2,1,0,1,1,-1,0,233,6.4516
8,63,1,2,2,-1,0,1,1,-1,1,202,6.2268
8,64,1,3,1,0,-1,2,1,-1,1,222,5.9937
8,65,1,3,2,0,-1,2,1,-1,1,199,6.1215
8,66,1,3,1,0,1,2,1,1,1,213,5.3261
8,67,1,1,2,1,0,1,1,-1,0,243,3.7261
8,69,1,6,1,-1,0,1,1,-1,1,205,7.2823
8,70,1,6,2,0,-1,2,1,-1,1,226,5.2976
8,71,1,4,2,0,1,2,1,1,1,213,5.2968
8,72,1,3,1,-1,0,1,1,-1,1,199,7.2973
8,73,1,5,1,1,0,1,1,1,1,237,6.5224
8,75,1,1,2,0,-1,2,1,1,0,212,7.9451
8,76,1,4,1,0,1,2,1,-1,0,211,6.6958
8,77,1,2,1,1,0,1,1,1,1,217,5.8247
8,78,1,6,1,-1,0,1,1,-1,1,215,5.88
8,79,1,3,1,-1,0,1,1,-1,1,208,7.1776
8,80,1,3,1,0,-1,2,1,1,0,219,7.3975
8,81,1,1,2,0,1,2,1,1,1,229,5.7261
8,82,1,1,2,1,0,1,1,-1,0,252,5.8532
8,83,1,5,2,0,1,2,1,1,1,200,7.2011
8,84,1,6,1,0,1,2,1,-1,0,252,6.0736
8,85,1,6,1,0,1,2,1,1,1,225,5.6313
8,86,1,6,2,0,1,2,1,-1,0,218,6.1156
8,88,1,5,2,0,1,2,1,1,1,200,6.1894
8,89,1,5,2,0,1,2,1,1,1,232,5.5629
8,90,1,6,2,0,1,2,1,1,1,214,7.0904
8,91,1,6,2,1,0,1,1,1,1,211,7.3942
8,93,1,2,1,0,1,2,1,-1,0,251,7.4154
8,94,1,2,1,0,-1,2,1,1,0,237,6.6571
8,95,1,6,2,1,0,1,1,1,1,209,6.0125
8,97,1,4,2,0,-1,2,1,-1,1,238,5.1415
8,98,1,2,1,0,1,2,1,-1,0,256,7.9516
8,100,1,3,2,0,1,2,1,1,1,213,5.7385
8,101,1,1,1,-1,0,1,1,-1,1,203,5.1132
8,102,1,1,1,0,1,2,1,1,1,200,7.8311
8,104,1,3,1,1,0,1,1,-1,0,265,6.5021
8,105,1,1,1,-1,0,1,1,-1,1,223,7.6913
8,108,1,5,1,0,1,2,1,-1,0,238,5.4702
8,112,1,4,1,0,1,2,1,1,1,202,6.5789
8,114,1,3,1,0,-1,2,1,1,0,228,4.6682
8,115,1,1,1,-1,0,1,1,-1,1,205,6.3988
8,116,1,4,2,1,0,1,1,1,1,201,7.7325
8,118,1,4,2,0,-1,2,1,-1,1,205,5.3412
8,119,1,3,1,-1,0,1,1,1,0,232,6.3815
8,123,1,6,1,-1,0,1,1,-1,1,204,6.0753
8,124,1,2,1,0,-1,2,1,1,0,224,4.5393
8,125,1,6,1,0,1,2,1,1,1,209,5.6577
8,128,1,3,1,1,0,1,1,1,1,221,6.2255
8,129,1,3,1,1,0,1,1,1,1,200,4.3649
8,131,1,3,1,1,0,1,1,1,1,212,5.0873
8,133,1,4,1,0,-1,2,1,-1,1,236,6.859
8,135,1,5,2,0,-1,2,1,-1,1,217,7.2886
8,136,1,2,2,0,1,2,1,-1,0,203,8.1003
8,137,1,6,1,-1,0,1,1,-1,1,215,6.0938
8,139,1,5,2,-1,0,1,1,-1,1,232,5.4485
8,141,1,4,2,1,0,1,1,1,1,224,6.015
8,143,1,5,1,-1,0,1,1,1,0,200,5.3357
8,144,1,1,1,1,0,1,1,1,1,245,5.9166
8,145,1,3,1,0,1,2,1,1,1,208,5.0375
8,146,1,1,1,-1,0,1,1,-1,1,202,6.7876
8,148,1,5,2,0,-1,2,1,-1,1,254,5.8288
8,150,1,6,2,0,1,2,1,1,1,331,3.5051
8,151,1,6,1,0,-1,2,1,-1,1,276,5.8588
8,152,1,4,1,1,0,1,1,-1,0,216,4.5231
8,153,1,6,1,-1,0,1,1,-1,1,218,4.9145
8,154,1,1,2,-1,0,1,1,1,0,214,4.6893
8,155,1,5,2,-1,0,1,1,1,0,234,5.2393
8,156,1,6,2,0,-1,2,1,-1,1,215,6.0652
8,157,1,5,1,1,0,1,1,1,1,218,7.4401
8,159,1,6,1,0,-1,2,1,-1,1,205,6.3409
8,160,1,2,1,0,1,2,1,-1,0,203,5.1336
9,4,1,3,2,1,0,1,1,1,1,202,4.3728
9,11,1,2,1,0,1,2,1,-1,0,206,4.6405
9,14,1,5,1,0,-1,2,1,-1,1,203,5.1216
9,15,1,3,1,0,1,2,1,1,1,239,6.34
9,18,1,5,2,1,0,1,1,1,1,228,5.1445
9,22,1,2,2,0,1,2,1,1,1,206,4.2443
9,24,1,5,1,1,0,1,1,1,1,207,5.4811
9,26,1,1,2,-1,0,1,1,1,0,206,5.1518
9,28,1,5,1,0,-1,2,1,-1,1,229,5.8074
9,30,1,1,2,0,1,2,1,1,1,201,7.1599
9,33,1,5,2,0,-1,2,1,-1,1,218,6.2374
9,34,1,5,1,1,0,1,1,1,1,257,4.0985
9,36,1,6,2,1,0,1,1,1,1,223,6.7886
9,40,1,3,2,0,1,2,1,1,1,201,5.8098
9,41,1,4,2,1,0,1,1,1,1,202,7.5963
9,42,1,2,1,0,-1,2,1,1,0,231,6.2072
9,44,1,5,1,0,1,2,1,1,1,217,4.7929
9,46,1,6,1,1,0,1,1,1,1,202,5.6632
9,47,1,6,2,0,-1,2,1,-1,1,221,5.7826
9,48,1,1,1,0,-1,2,1,-1,1,215,7.5403
9,51,1,6,1,0,1,2,1,-1,0,210,6.2192
9,54,1,5,2,-1,0,1,1,1,0,229,5.8227
9,55,1,3,2,1,0,1,1,1,1,247,5.378
9,56,1,6,2,0,-1,2,1,-1,1,236,5.0008
9,58,1,6,1,0,1,2,1,1,1,228,5.5578
9,59,1,2,1,-1,0,1,1,-1,1,201,8.7907
9,61,1,1,1,0,-1,2,1,1,0,228,5.6725
9,62,1,6,1,0,1,2,1,1,1,201,5.486
9,67,1,5,2,0,1,2,1,1,1,221,4.642
9,69,1,1,2,0,-1,2,1,1,0,207,4.338
9,70,1,4,2,0,-1,2,1,-1,1,244,7.287
9,71,1,6,2,0,-1,2,1,-1,1,223,6.1077
9,73,1,2,2,0,-1,2,1,1,0,204,5.2328
9,74,1,3,1,0,-1,2,1,-1,1,215,5.7566
9,76,1,4,2,0,1,2,1,1,1,216,5.1663
9,77,1,1,2,-1,0,1,1,-1,1,219,6.1265
9,78,1,4,2,0,1,2,1,1,1,224,5.6637
9,79,1,5,2,1,0,1,1,1,1,215,7.7136
9,80,1,1,1,1,0,1,1,-1,0,229,6.7941
9,81,1,1,1,-1,0,1,1,1,0,208,6.5816
9,82,1,4,2,1,0,1,1,1,1,204,6.9705
9,83,1,2,2,-1,0,1,1,1,0,211,6.3915
9,84,1,2,2,0,1,2,1,1,1,214,4.3232
9,85,1,4,1,1,0,1,1,1,1,258,6.7957
9,87,1,3,2,0,1,2,1,1,1,257,5.7798
9,91,1,6,2,1,0,1,1,1,1,207,6.1188
9,93,1,1,1,0,-1,2,1,1,0,211,7.7885
9,94,1,2,1,1,0,1,1,-1,0,232,6.6106
9,95,1,6,2,-1,0,1,1,1,0,221,6.3845
9,96,1,3,1,-1,0,1,1,-1,1,254,4.7521
9,97,1,5,2,0,1,2,1,1,1,208,3.771
9,98,1,4,2,0,-1,2,1,-1,1,228,5.3267
9,101,1,6,1,0,1,2,1,1,1,204,7.6468
9,103,1,1,2,1,0,1,1,-1,0,202,6.5825
9,104,1,5,1,0,-1,2,1,1,0,216,6.2853
9,105,1,5,1,1,0,1,1,1,1,238,4.8577
9,106,1,4,2,0,-1,2,1,-1,1,207,7.3709
9,107,1,3,2,1,0,1,1,1,1,247,5.7724
9,108,1,2,1,1,0,1,1,1,1,231,6.1304
9,110,1,3,1,1,0,1,1,1,1,221,6.4873
9,111,1,5,2,0,1,2,1,1,1,222,6.1895
9,113,1,6,1,-1,0,1,1,-1,1,229,5.4948
9,115,1,3,2,-1,0,1,1,-1,1,221,6.0016
9,116,1,4,1,0,1,2,1,1,1,202,5.6351
9,117,1,1,2,0,-1,2,1,-1,1,207,4.6412
9,118,1,1,2,0,-1,2,1,-1,1,234,4.0686
9,119,1,5,1,1,0,1,1,1,1,218,5.5641
9,120,1,4,2,-1,0,1,1,1,0,205,4.9201
9,121,1,4,2,0,-1,2,1,-1,1,203,4.3025
9,122,1,2,1,1,0,1,1,1,1,246,7.0209
9,123,1,2,2,0,1,2,1,1,1,222,5.5306
9,125,1,1,1,1,0,1,1,-1,0,215,5.4747
9,126,1,5,1,-1,0,1,1,1,0,200,5.4499
9,127,1,1,2,0,1,2,1,1,1,208,4.1147
9,128,1,6,1,0,-1,2,1,-1,1,219,4.6774
9,129,1,4,2,1,0,1,1,1,1,231,5.3867
9,130,1,1,2,-1,0,1,1,-1,1,205,4.7785
9,131,1,1,1,1,0,1,1,1,1,221,6.3999
9,132,1,2,1,0,1,2,1,-1,0,229,7.0294
9,135,1,6,2,-1,0,1,1,1,0,220,6.2389
9,137,1,3,2,0,1,2,1,1,1,276,5.2649
9,138,1,4,1,0,1,2,1,-1,0,251,5.1771
9,139,1,3,2,0,-1,2,1,-1,1,242,7.5261
9,141,1,6,2,-1,0,1,1,1,0,202,6.0496
9,143,1,3,2,1,0,1,1,1,1,208,4.2442
9,144,1,2,1,1,0,1,1,1,1,220,5.7074
9,145,1,1,1,-1,0,1,1,1,0,211,7.5051
9,146,1,6,1,-1,0,1,1,-1,1,220,5.8351
9,147,1,5,2,-1,0,1,1,1,0,213,4.3721
9,148,1,2,2,0,1,2,1,1,1,269,4.6185
9,149,1,6,2,1,0,1,1,1,1,222,5.2896
9,150,1,2,2,0,-1,2,1,-1,1,204,5.0973
9,152,1,2,2,0,1,2,1,-1,0,227,5.6288
9,153,1,3,2,1,0,1,1,1,1,220,3.7176
9,154,1,4,1,0,-1,2,1,1,0,313,6.4375
9,155,1,5,1,0,-1,2,1,-1,1,377,5.5018
9,159,1,5,2,0,-1,2,1,-1,1,243,2.921
9,160,1,1,2,0,-1,2,1,-1,1,244,6.6848
10,1,0,1,0,-1,0,1,1,1,0,NaN,NaN
10,2,0,1,0,1,0,1,1,-1,0,NaN,NaN
10,3,0,3,0,0,1,2,1,1,1,NaN,NaN
10,4,0,1,0,0,-1,2,1,1,0,NaN,NaN
10,5,0,6,0,1,0,1,1,1,1,NaN,NaN
10,6,0,3,0,0,1,2,1,1,1,NaN,NaN
10,7,0,5,0,-1,0,1,1,-1,1,NaN,NaN
10,8,0,3,0,0,-1,2,1,-1,1,NaN,NaN
10,9,0,1,0,-1,0,1,1,1,0,NaN,NaN
10,12,0,4,0,1,0,1,1,-1,0,NaN,NaN
10,13,0,1,0,-1,0,1,1,1,0,NaN,NaN
10,14,0,5,0,0,-1,2,1,-1,1,NaN,NaN
10,15,0,3,0,1,0,1,1,1,1,NaN,NaN
10,16,0,5,0,0,1,2,1,-1,0,NaN,NaN
10,17,0,4,0,-1,0,1,1,-1,1,NaN,NaN
10,19,0,2,0,-1,0,1,1,-1,1,NaN,NaN
10,20,0,4,0,0,1,2,1,1,1,NaN,NaN
10,21,0,1,0,1,0,1,1,-1,0,NaN,NaN
10,22,0,3,0,-1,0,1,1,-1,1,NaN,NaN
10,23,0,2,0,0,1,2,1,1,1,NaN,NaN
10,24,0,3,0,-1,0,1,1,1,0,NaN,NaN
10,25,0,5,0,-1,0,1,1,1,0,NaN,NaN
10,26,0,3,0,-1,0,1,1,-1,1,NaN,NaN
10,28,0,2,0,1,0,1,1,-1,0,NaN,NaN
10,29,0,1,0,0,1,2,1,-1,0,NaN,NaN
10,30,0,6,0,1,0,1,1,1,1,NaN,NaN
10,31,0,4,0,0,-1,2,1,-1,1,NaN,NaN
10,32,0,5,0,-1,0,1,1,-1,1,NaN,NaN
10,33,0,3,0,0,1,2,1,-1,0,NaN,NaN
10,34,0,3,0,0,-1,2,1,-1,1,NaN,NaN
10,35,0,5,0,0,-1,2,1,-1,1,NaN,NaN
10,36,0,5,0,0,1,2,1,1,1,NaN,NaN
10,37,0,3,0,-1,0,1,1,1,0,NaN,NaN
10,38,0,2,0,-1,0,1,1,1,0,NaN,NaN
10,39,0,2,0,1,0,1,1,1,1,NaN,NaN
10,40,0,6,0,1,0,1,1,1,1,NaN,NaN
10,41,0,2,0,0,1,2,1,-1,0,NaN,NaN
10,42,0,1,0,0,1,2,1,-1,0,NaN,NaN
10,43,0,3,0,0,-1,2,1,-1,1,NaN,NaN
10,44,0,1,0,-1,0,1,1,1,0,NaN,NaN
10,45,0,6,0,0,1,2,1,1,1,NaN,NaN
10,46,0,2,0,0,-1,2,1,-1,1,NaN,NaN
10,47,0,3,0,1,0,1,1,1,1,NaN,NaN
10,48,0,1,0,1,0,1,1,1,1,NaN,NaN
10,49,0,2,0,1,0,1,1,-1,0,NaN,NaN
10,50,0,3,0,0,-1,2,1,-1,1,NaN,NaN
10,51,0,4,0,0,1,2,1,1,1,NaN,NaN
10,52,0,3,0,-1,0,1,1,1,0,NaN,NaN
10,53,0,1,0,-1,0,1,1,-1,1,NaN,NaN
10,54,0,2,0,-1,0,1,1,-1,1,NaN,NaN
10,55,0,5,0,1,0,1,1,1,1,NaN,NaN
10,56,0,4,0,-1,0,1,1,-1,1,NaN,NaN
10,57,0,3,0,-1,0,1,1,-1,1,NaN,NaN
10,58,0,4,0,0,-1,2,1,-1,1,NaN,NaN
10,59,0,5,0,1,0,1,1,1,1,NaN,NaN
10,61,0,2,0,0,-1,2,1,-1,1,NaN,NaN
10,62,0,3,0,0,-1,2,1,-1,1,NaN,NaN
10,63,0,1,0,-1,0,1,1,1,0,NaN,NaN
10,64,0,5,0,0,-1,2,1,-1,1,NaN,NaN
10,65,0,3,0,1,0,1,1,-1,0,NaN,NaN
10,66,0,2,0,0,1,2,1,1,1,NaN,NaN
10,67,0,2,0,0,-1,2,1,-1,1,NaN,NaN
10,68,0,4,0,1,0,1,1,-1,0,NaN,NaN
10,69,0,2,0,1,0,1,1,1,1,NaN,NaN
10,70,0,4,0,0,1,2,1,1,1,NaN,NaN
10,71,0,1,0,1,0,1,1,-1,0,NaN,NaN
10,72,0,4,0,-1,0,1,1,-1,1,NaN,NaN
10,74,0,1,0,0,1,2,1,1,1,NaN,NaN
10,75,0,4,0,1,0,1,1,1,1,NaN,NaN
10,76,0,3,0,1,0,1,1,1,1,NaN,NaN
10,77,0,5,0,-1,0,1,1,1,0,NaN,NaN
10,78,0,2,0,1,0,1,1,-1,0,NaN,NaN
10,79,0,1,0,0,-1,2,1,1,0,NaN,NaN
10,80,0,3,0,0,1,2,1,-1,0,NaN,NaN
10,81,0,5,0,0,-1,2,1,-1,1,NaN,NaN
10,82,0,1,0,1,0,1,1,1,1,NaN,NaN
10,83,0,1,0,-1,0,1,1,1,0,NaN,NaN
10,84,0,1,0,0,-1,2,1,-1,1,NaN,NaN
10,85,0,3,0,0,-1,2,1,-1,1,NaN,NaN
10,86,0,4,0,0,-1,2,1,-1,1,NaN,NaN
10,87,0,4,0,-1,0,1,1,-1,1,NaN,NaN
10,88,0,4,0,0,1,2,1,1,1,NaN,NaN
10,89,0,1,0,-1,0,1,1,-1,1,NaN,NaN
10,90,0,3,0,0,-1,2,1,1,0,NaN,NaN
10,91,0,2,0,1,0,1,1,1,1,NaN,NaN
10,92,0,2,0,0,1,2,1,1,1,NaN,NaN
10,93,0,6,0,-1,0,1,1,-1,1,NaN,NaN
10,94,0,5,0,-1,0,1,1,-1,1,NaN,NaN
10,95,0,2,0,0,1,2,1,-1,0,NaN,NaN
10,96,0,4,0,0,-1,2,1,-1,1,NaN,NaN
10,97,0,1,0,-1,0,1,1,1,0,NaN,NaN
10,98,0,2,0,1,0,1,1,-1,0,NaN,NaN
10,99,0,1,0,-1,0,1,1,1,0,NaN,NaN
10,100,0,1,0,1,0,1,1,1,1,NaN,NaN
10,101,0,2,0,0,-1,2,1,-1,1,NaN,NaN
10,102,0,3,0,-1,0,1,1,-1,1,NaN,NaN
10,103,0,1,0,0,-1,2,1,1,0,NaN,NaN
10,104,0,1,0,-1,0,1,1,-1,1,NaN,NaN
10,105,0,3,0,1,0,1,1,1,1,NaN,NaN
10,106,0,1,0,0,-1,2,1,1,0,NaN,NaN
10,108,0,5,0,1,0,1,1,1,1,NaN,NaN
10,109,0,2,0,1,0,1,1,1,1,NaN,NaN
10,110,0,1,0,0,1,2,1,1,1,NaN,NaN
10,111,0,2,0,-1,0,1,1,1,0,NaN,NaN
10,112,0,1,0,0,-1,2,1,1,0,NaN,NaN
10,113,0,3,0,-1,0,1,1,-1,1,NaN,NaN
10,114,0,4,0,-1,0,1,1,-1,1,NaN,NaN
10,115,0,3,0,-1,0,1,1,-1,1,NaN,NaN
10,116,0,3,0,1,0,1,1,1,1,NaN,NaN
10,117,0,2,0,-1,0,1,1,-1,1,NaN,NaN
10,118,0,2,0,1,0,1,1,1,1,NaN,NaN
10,119,0,2,0,-1,0,1,1,1,0,NaN,NaN
10,120,0,5,0,-1,0,1,1,-1,1,NaN,NaN
10,121,0,5,0,0,-1,2,1,-1,1,NaN,NaN
10,122,0,5,0,1,0,1,1,-1,0,NaN,NaN
10,123,0,2,0,0,1,2,1,-1,0,NaN,NaN
10,124,0,2,0,0,1,2,1,1,1,NaN,NaN
10,125,0,5,0,-1,0,1,1,-1,1,NaN,NaN
10,126,0,6,0,0,-1,2,1,-1,1,NaN,NaN
10,127,0,6,0,0,1,2,1,1,1,NaN,NaN
10,128,0,1,0,0,-1,2,1,1,0,NaN,NaN
10,129,0,6,0,0,-1,2,1,-1,1,NaN,NaN
10,130,0,6,0,0,-1,2,1,-1,1,NaN,NaN
10,131,0,3,0,0,-1,2,1,-1,1,NaN,NaN
10,132,0,6,0,1,0,1,1,1,1,NaN,NaN
10,133,0,6,0,-1,0,1,1,1,0,NaN,NaN
10,135,0,6,0,0,1,2,1,1,1,NaN,NaN
10,136,0,3,0,0,1,2,1,1,1,NaN,NaN
10,137,0,6,0,-1,0,1,1,-1,1,NaN,NaN
10,138,0,4,0,1,0,1,1,1,1,NaN,NaN
10,139,0,5,0,0,-1,2,1,-1,1,NaN,NaN
10,140,0,4,0,-1,0,1,1,1,0,NaN,NaN
10,141,0,1,0,1,0,1,1,1,1,NaN,NaN
10,142,0,2,0,-1,0,1,1,1,0,NaN,NaN
10,143,0,4,0,0,1,2,1,-1,0,NaN,NaN
10,144,0,4,0,0,-1,2,1,1,0,NaN,NaN
10,145,0,3,0,0,-1,2,1,1,0,NaN,NaN
10,146,0,5,0,-1,0,1,1,-1,1,NaN,NaN
10,147,0,2,0,1,0,1,1,1,1,NaN,NaN
10,148,0,1,0,0,-1,2,1,-1,1,NaN,NaN
10,149,0,6,0,0,1,2,1,1,1,NaN,NaN
10,150,0,1,0,0,-1,2,1,-1,1,NaN,NaN
10,151,0,1,0,0,-1,2,1,-1,1,NaN,NaN
10,152,0,5,0,0,-1,2,1,-1,1,NaN,NaN
10,153,0,3,0,0,1,2,1,-1,0,NaN,NaN
10,155,0,3,0,0,1,2,1,1,1,NaN,NaN
10,156,0,1,0,0,1,2,1,1,1,NaN,NaN
10,157,0,2,0,0,-1,2,1,1,0,NaN,NaN
10,158,0,4,0,1,0,1,1,1,1,NaN,NaN
10,159,0,3,0,0,1,2,1,1,1,NaN,NaN
10,160,0,4,0,0,1,2,1,1,1,NaN,NaN
10,10,0,6,0,0,-1,2,1,1,0,NaN,NaN
10,11,0,5,0,0,-1,2,1,-1,1,NaN,NaN
10,18,0,2,0,0,-1,2,1,-1,1,NaN,NaN
10,27,0,6,0,0,-1,2,1,-1,1,NaN,NaN
10,60,0,5,0,0,1,2,1,-1,0,NaN,NaN
10,73,0,4,0,1,0,1,1,1,1,NaN,NaN
10,107,0,4,0,0,1,2,1,1,1,NaN,NaN
10,154,0,4,0,-1,0,1,1,-1,1,NaN,NaN
11,2,1,2,1,1,0,1,1,1,1,212,5.5087
11,4,1,6,2,1,0,1,1,1,1,201,5.1335
11,5,1,1,2,0,-1,2,1,-1,1,212,6.9062
11,6,1,6,2,1,0,1,1,1,1,226,5.0629
11,8,1,4,2,0,1,2,1,-1,0,218,4.3555
11,10,1,3,1,1,0,1,1,1,1,200,5.63
11,11,1,5,2,0,1,2,1,1,1,236,3.7816
11,14,1,6,1,0,1,2,1,-1,0,214,6.1265
11,18,1,1,1,1,0,1,1,1,1,201,5.0231
11,19,1,2,2,-1,0,1,1,1,0,207,3.2873
11,20,1,2,1,1,0,1,1,1,1,238,4.4905
11,21,1,3,1,0,1,2,1,-1,0,246,4.9433
11,24,1,6,2,0,1,2,1,1,1,217,4.6545
11,25,1,1,2,-1,0,1,1,1,0,204,4.0194
11,28,1,3,1,0,-1,2,1,1,0,207,5.4945
11,29,1,5,1,-1,0,1,1,-1,1,221,5.5519
11,30,1,4,1,0,-1,2,1,1,0,241,4.1517
11,31,1,6,2,0,1,2,1,1,1,234,6.0091
11,34,1,5,2,1,0,1,1,1,1,212,4.6265
11,36,1,4,1,-1,0,1,1,1,0,202,4.046
11,37,1,1,1,-1,0,1,1,1,0,212,4.4372
11,38,1,3,1,1,0,1,1,-1,0,259,5.1239
11,39,1,3,1,0,1,2,1,-1,0,223,5.2565
11,42,1,1,2,1,0,1,1,-1,0,217,5.4371
11,44,1,1,2,0,1,2,1,1,1,203,3.1292
11,45,1,5,2,0,1,2,1,1,1,235,3.6542
11,46,1,1,2,0,-1,2,1,1,0,225,4.7976
11,49,1,2,2,0,1,2,1,1,1,214,4.5758
11,50,1,3,2,0,1,2,1,1,1,208,3.4423
11,51,1,2,1,-1,0,1,1,-1,1,201,5.5298
11,53,1,6,1,0,1,2,1,1,1,224,5.4662
11,54,1,6,1,0,-1,2,1,-1,1,236,3.9967
11,55,1,4,2,1,0,1,1,1,1,248,3.62
11,57,1,3,2,0,-1,2,1,-1,1,227,4.8428
11,59,1,4,1,1,0,1,1,1,1,206,5.5666
11,62,1,6,2,1,0,1,1,1,1,223,5.327
11,64,1,2,1,1,0,1,1,1,1,242,4.4858
11,65,1,4,2,-1,0,1,1,1,0,209,5.1597
11,66,1,6,1,-1,0,1,1,-1,1,247,5.2367
11,67,1,6,1,0,1,2,1,1,1,224,5.5836
11,68,1,6,1,1,0,1,1,1,1,229,4.6586
11,70,1,1,2,0,1,2,1,1,1,200,5.3453
11,72,1,2,2,1,0,1,1,1,1,261,5.2812
11,74,1,6,2,0,1,2,1,1,1,262,3.9889
11,75,1,3,1,0,1,2,1,1,1,220,5.6066
11,77,1,6,1,1,0,1,1,1,1,216,6.5902
11,79,1,2,1,1,0,1,1,-1,0,210,6.9288
11,80,1,6,1,0,-1,2,1,-1,1,245,5.3532
11,81,1,3,2,-1,0,1,1,1,0,206,4.3603
11,83,1,6,1,0,1,2,1,-1,0,226,6.3051
11,84,1,3,2,0,-1,2,1,-1,1,256,4.2838
11,86,1,1,2,0,1,2,1,1,1,229,4.5428
11,87,1,6,1,1,0,1,1,1,1,239,4.9374
11,88,1,4,2,0,1,2,1,-1,0,231,4.9079
11,89,1,4,1,0,-1,2,1,-1,1,245,4.614
11,90,1,2,1,0,-1,2,1,-1,1,199,8.4384
11,92,1,5,2,-1,0,1,1,-1,1,233,4.9177
11,93,1,4,1,0,-1,2,1,-1,1,266,6.2043
11,94,1,3,1,0,1,2,1,-1,0,209,6.0589
11,95,1,5,2,0,1,2,1,1,1,204,4.4076
11,96,1,4,1,0,-1,2,1,1,0,210,4.3157
11,97,1,3,1,0,1,2,1,-1,0,215,6.3723
11,98,1,2,2,0,-1,2,1,-1,1,200,3.6732
11,99,1,4,1,-1,0,1,1,1,0,207,5.4059
11,100,1,2,2,0,1,2,1,1,1,213,4.0327
11,101,1,5,2,1,0,1,1,1,1,230,5.1211
11,102,1,1,2,1,0,1,1,-1,0,215,2.9547
11,103,1,2,1,0,1,2,1,-1,0,208,8.4786
11,104,1,2,1,0,1,2,1,1,1,224,8.0317
11,105,1,4,2,0,-1,2,1,-1,1,253,4.4467
11,106,1,6,2,0,-1,2,1,-1,1,206,5.1928
11,107,1,6,1,0,-1,2,1,-1,1,233,5.2165
11,108,1,3,1,-1,0,1,1,-1,1,242,6.3137
11,110,1,1,2,-1,0,1,1,1,0,254,4.8486
11,111,1,3,2,1,0,1,1,1,1,239,6.9245
11,113,1,5,2,-1,0,1,1,-1,1,200,5.533
11,114,1,3,2,0,-1,2,1,1,0,211,4.1555
11,116,1,2,1,0,1,2,1,1,1,248,5.4151
11,118,1,6,1,-1,0,1,1,-1,1,256,4.8689
11,120,1,2,1,-1,0,1,1,1,0,211,4.3997
11,121,1,3,1,1,0,1,1,1,1,273,5.5078
11,122,1,2,1,0,-1,2,1,1,0,241,6.1362
11,124,1,6,1,-1,0,1,1,-1,1,220,5.5393
11,127,1,5,1,1,0,1,1,1,1,246,5.0989
11,128,1,6,2,-1,0,1,1,1,0,208,4.5927
11,129,1,6,1,1,0,1,1,1,1,222,5.8323
11,130,1,2,1,1,0,1,1,1,1,230,7.9084
11,132,1,4,2,0,-1,2,1,-1,1,202,5.4691
11,133,1,2,2,-1,0,1,1,1,0,253,4.3166
11,134,1,3,1,1,0,1,1,1,1,200,5.2604
11,135,1,2,2,-1,0,1,1,-1,1,229,7.1649
11,136,1,6,2,0,1,2,1,-1,0,221,5.2671
11,137,1,5,2,-1,0,1,1,1,0,289,3.8792
11,139,1,4,1,-1,0,1,1,1,0,230,6.3351
11,140,1,6,1,1,0,1,1,1,1,230,6.2828
11,141,1,1,1,0,1,2,1,-1,0,219,5.6866
11,142,1,4,2,-1,0,1,1,1,0,234,3.812
11,143,1,3,1,-1,0,1,1,1,0,205,7.8605
11,144,1,4,2,-1,0,1,1,-1,1,234,5.2352
11,145,1,5,2,1,0,1,1,1,1,246,5.3142
11,149,1,6,1,0,-1,2,1,-1,1,222,5.0981
11,150,1,5,2,-1,0,1,1,1,0,241,3.4899
11,151,1,4,2,-1,0,1,1,-1,1,254,3.4781
11,152,1,4,2,1,0,1,1,1,1,202,6.6437
11,153,1,5,2,-1,0,1,1,-1,1,222,5.4668
11,154,1,4,2,0,1,2,1,1,1,221,6.1507
11,155,1,2,2,1,0,1,1,1,1,211,5.4009
11,156,1,5,1,0,1,2,1,1,1,227,5.7703
11,157,1,1,2,0,-1,2,1,-1,1,213,6.7035
11,158,1,2,1,1,0,1,1,-1,0,216,5.0061
11,160,1,2,1,0,-1,2,1,-1,1,266,5.6056
11,52,1,1,1,-1,0,1,1,1,0,229,6.2289
11,115,1,3,2,-1,0,1,1,1,0,361,4.8714
12,1,0,4,0,1,0,1,1,-1,0,NaN,NaN
12,4,0,1,0,0,-1,2,1,1,0,NaN,NaN
12,5,0,3,0,-1,0,1,1,1,0,NaN,NaN
12,6,0,6,0,-1,0,1,1,1,0,NaN,NaN
12,7,0,2,0,-1,0,1,1,-1,1,NaN,NaN
12,8,0,4,0,0,1,2,1,1,1,NaN,NaN
12,9,0,3,0,0,1,2,1,1,1,NaN,NaN
12,10,0,5,0,-1,0,1,1,-1,1,NaN,NaN
12,11,0,6,0,0,1,2,1,-1,0,NaN,NaN
12,12,0,5,0,-1,0,1,1,-1,1,NaN,NaN
12,13,0,1,0,1,0,1,1,-1,0,NaN,NaN
12,14,0,4,0,0,1,2,1,-1,0,NaN,NaN
12,15,0,1,0,1,0,1,1,1,1,NaN,NaN
12,16,0,6,0,-1,0,1,1,-1,1,NaN,NaN
12,17,0,6,0,-1,0,1,1,1,0,NaN,NaN
12,18,0,5,0,0,-1,2,1,-1,1,NaN,NaN
12,19,0,3,0,0,-1,2,1,-1,1,NaN,NaN
12,22,0,6,0,-1,0,1,1,1,0,NaN,NaN
12,23,0,2,0,1,0,1,1,1,1,NaN,NaN
12,24,0,3,0,1,0,1,1,1,1,NaN,NaN
12,25,0,4,0,0,1,2,1,1,1,NaN,NaN
12,26,0,5,0,-1,0,1,1,-1,1,NaN,NaN
12,27,0,6,0,-1,0,1,1,-1,1,NaN,NaN
12,28,0,5,0,1,0,1,1,1,1,NaN,NaN
12,29,0,1,0,0,1,2,1,-1,0,NaN,NaN
12,32,0,2,0,-1,0,1,1,-1,1,NaN,NaN
12,33,0,4,0,0,1,2,1,1,1,NaN,NaN
12,34,0,5,0,0,1,2,1,-1,0,NaN,NaN
12,35,0,6,0,0,1,2,1,1,1,NaN,NaN
12,36,0,6,0,0,-1,2,1,-1,1,NaN,NaN
12,37,0,5,0,0,1,2,1,-1,0,NaN,NaN
12,38,0,5,0,0,-1,2,1,-1,1,NaN,NaN
12,40,0,4,0,-1,0,1,1,1,0,NaN,NaN
12,41,0,5,0,0,1,2,1,1,1,NaN,NaN
12,42,0,2,0,1,0,1,1,-1,0,NaN,NaN
12,43,0,4,0,1,0,1,1,1,1,NaN,NaN
12,44,0,6,0,0,-1,2,1,-1,1,NaN,NaN
12,45,0,6,0,-1,0,1,1,-1,1,NaN,NaN
12,46,0,1,0,0,-1,2,1,1,0,NaN,NaN
12,47,0,4,0,0,-1,2,1,-1,1,NaN,NaN
12,48,0,1,0,0,1,2,1,-1,0,NaN,NaN
12,49,0,5,0,1,0,1,1,1,1,NaN,NaN
12,50,0,2,0,1,0,1,1,1,1,NaN,NaN
12,51,0,4,0,0,1,2,1,1,1,NaN,NaN
12,52,0,5,0,-1,0,1,1,-1,1,NaN,NaN
12,53,0,1,0,1,0,1,1,1,1,NaN,NaN
12,54,0,1,0,1,0,1,1,-1,0,NaN,NaN
12,55,0,5,0,1,0,1,1,1,1,NaN,NaN
12,56,0,2,0,-1,0,1,1,1,0,NaN,NaN
12,57,0,3,0,0,-1,2,1,-1,1,NaN,NaN
12,58,0,4,0,-1,0,1,1,-1,1,NaN,NaN
12,59,0,5,0,0,1,2,1,-1,0,NaN,NaN
12,60,0,4,0,0,1,2,1,-1,0,NaN,NaN
12,61,0,5,0,-1,0,1,1,1,0,NaN,NaN
12,62,0,5,0,-1,0,1,1,-1,1,NaN,NaN
12,63,0,1,0,1,0,1,1,1,1,NaN,NaN
12,64,0,4,0,-1,0,1,1,-1,1,NaN,NaN
12,65,0,5,0,-1,0,1,1,-1,1,NaN,NaN
12,66,0,1,0,-1,0,1,1,-1,1,NaN,NaN
12,67,0,5,0,0,1,2,1,-1,0,NaN,NaN
12,68,0,6,0,0,1,2,1,1,1,NaN,NaN
12,69,0,4,0,0,1,2,1,1,1,NaN,NaN
12,70,0,3,0,1,0,1,1,1,1,NaN,NaN
12,71,0,5,0,0,-1,2,1,-1,1,NaN,NaN
12,72,0,6,0,0,1,2,1,1,1,NaN,NaN
12,73,0,3,0,1,0,1,1,1,1,NaN,NaN
12,75,0,6,0,0,1,2,1,1,1,NaN,NaN
12,76,0,4,0,-1,0,1,1,-1,1,NaN,NaN
12,77,0,5,0,1,0,1,1,1,1,NaN,NaN
12,79,0,6,0,1,0,1,1,1,1,NaN,NaN
12,80,0,2,0,-1,0,1,1,1,0,NaN,NaN
12,82,0,1,0,1,0,1,1,-1,0,NaN,NaN
12,83,0,1,0,0,1,2,1,1,1,NaN,NaN
12,84,0,2,0,-1,0,1,1,1,0,NaN,NaN
12,85,0,5,0,0,-1,2,1,-1,1,NaN,NaN
12,86,0,1,0,0,-1,2,1,-1,1,NaN,NaN
12,87,0,2,0,1,0,1,1,-1,0,NaN,NaN
12,88,0,4,0,-1,0,1,1,-1,1,NaN,NaN
12,89,0,4,0,-1,0,1,1,1,0,NaN,NaN
12,90,0,3,0,0,1,2,1,1,1,NaN,NaN
12,91,0,6,0,0,-1,2,1,1,0,NaN,NaN
12,92,0,5,0,1,0,1,1,1,1,NaN,NaN
12,93,0,6,0,-1,0,1,1,-1,1,NaN,NaN
12,94,0,5,0,0,1,2,1,1,1,NaN,NaN
12,95,0,6,0,-1,0,1,1,-1,1,NaN,NaN
12,96,0,3,0,1,0,1,1,1,1,NaN,NaN
12,97,0,6,0,-1,0,1,1,1,0,NaN,NaN
12,98,0,5,0,-1,0,1,1,1,0,NaN,NaN
12,99,0,3,0,0,-1,2,1,-1,1,NaN,NaN
12,100,0,2,0,0,1,2,1,1,1,NaN,NaN
12,102,0,5,0,1,0,1,1,1,1,NaN,NaN
12,103,0,6,0,0,1,2,1,1,1,NaN,NaN
12,104,0,4,0,-1,0,1,1,1,0,NaN,NaN
12,105,0,6,0,1,0,1,1,1,1,NaN,NaN
12,106,0,6,0,0,-1,2,1,1,0,NaN,NaN
12,107,0,4,0,1,0,1,1,1,1,NaN,NaN
12,111,0,2,0,0,-1,2,1,-1,1,NaN,NaN
12,115,0,6,0,-1,0,1,1,-1,1,NaN,NaN
12,116,0,3,0,0,-1,2,1,1,0,NaN,NaN
12,117,0,3,0,0,1,2,1,1,1,NaN,NaN
12,118,0,6,0,-1,0,1,1,-1,1,NaN,NaN
12,119,0,3,0,1,0,1,1,-1,0,NaN,NaN
12,120,0,3,0,0,1,2,1,-1,0,NaN,NaN
12,121,0,4,0,-1,0,1,1,-1,1,NaN,NaN
12,122,0,3,0,1,0,1,1,1,1,NaN,NaN
12,123,0,1,0,0,-1,2,1,1,0,NaN,NaN
12,124,0,4,0,0,-1,2,1,-1,1,NaN,NaN
12,125,0,1,0,0,-1,2,1,-1,1,NaN,NaN
12,126,0,4,0,-1,0,1,1,1,0,NaN,NaN
12,127,0,5,0,0,-1,2,1,-1,1,NaN,NaN
12,128,0,3,0,1,0,1,1,1,1,NaN,NaN
12,129,0,6,0,0,-1,2,1,-1,1,NaN,NaN
12,130,0,1,0,1,0,1,1,1,1,NaN,NaN
12,131,0,2,0,0,-1,2,1,1,0,NaN,NaN
12,132,0,6,0,0,-1,2,1,-1,1,NaN,NaN
12,133,0,5,0,0,1,2,1,1,1,NaN,NaN
12,134,0,4,0,-1,0,1,1,-1,1,NaN,NaN
12,136,0,1,0,0,-1,2,1,-1,1,NaN,NaN
12,137,0,4,0,0,1,2,1,1,1,NaN,NaN
12,138,0,5,0,0,-1,2,1,-1,1,NaN,NaN
12,139,0,4,0,-1,0,1,1,-1,1,NaN,NaN
12,140,0,5,0,1,0,1,1,1,1,NaN,NaN
12,141,0,5,0,-1,0,1,1,1,0,NaN,NaN
12,142,0,3,0,0,1,2,1,1,1,NaN,NaN
12,143,0,3,0,0,1,2,1,1,1,NaN,NaN
12,145,0,5,0,0,-1,2,1,-1,1,NaN,NaN
12,146,0,1,0,0,-1,2,1,-1,1,NaN,NaN
12,147,0,1,0,1,0,1,1,1,1,NaN,NaN
12,149,0,1,0,-1,0,1,1,1,0,NaN,NaN
12,150,0,3,0,0,1,2,1,1,1,NaN,NaN
12,152,0,6,0,0,-1,2,1,-1,1,NaN,NaN
12,156,0,2,0,0,-1,2,1,-1,1,NaN,NaN
12,157,0,3,0,-1,0,1,1,-1,1,NaN,NaN
12,158,0,6,0,0,1,2,1,1,1,NaN,NaN
12,159,0,1,0,-1,0,1,1,1,0,NaN,NaN
12,160,0,2,0,1,0,1,1,1,1,NaN,NaN
12,2,0,5,0,0,1,2,1,1,1,NaN,NaN
12,3,0,1,0,-1,0,1,1,1,0,NaN,NaN
12,20,0,5,0,0,-1,2,1,-1,1,NaN,NaN
12,30,0,1,0,-1,0,1,1,-1,1,NaN,NaN
12,31,0,2,0,-1,0,1,1,-1,1,NaN,NaN
12,74,0,6,0,-1,0,1,1,-1,1,NaN,NaN
12,78,0,5,0,0,1,2,1,1,1,NaN,NaN
12,81,0,2,0,0,1,2,1,1,1,NaN,NaN
12,101,0,4,0,0,-1,2,1,-1,1,NaN,NaN
12,108,0,1,0,1,0,1,1,1,1,NaN,NaN
12,110,0,4,0,0,-1,2,1,-1,1,NaN,NaN
12,113,0,6,0,0,-1,2,1,-1,1,NaN,NaN
12,114,0,1,0,-1,0,1,1,1,0,NaN,NaN
12,135,0,1,0,1,0,1,1,1,1,NaN,NaN
12,151,0,1,0,1,0,1,1,1,1,NaN,NaN
12,21,0,3,0,0,-1,2,1,-1,1,NaN,NaN
13,4,1,2,1,1,0,1,1,1,1,242,6.3387
13,5,1,6,2,0,-1,2,1,-1,1,233,4.926
13,10,1,3,2,1,0,1,1,1,1,262,4.5372
13,11,1,4,2,0,1,2,1,1,1,238,6.2713
13,15,1,1,1,0,-1,2,1,-1,1,225,5.8692
13,16,1,3,1,0,1,2,1,-1,0,230,6.3857
13,17,1,6,2,1,0,1,1,1,1,206,4.1532
13,18,1,3,1,0,-1,2,1,-1,1,252,5.0074
13,19,1,5,2,-1,0,1,1,-1,1,237,4.7799
13,20,1,5,1,1,0,1,1,1,1,231,5.1468
13,21,1,6,2,1,0,1,1,1,1,219,6.4569
13,23,1,2,2,0,1,2,1,1,1,216,4.6683
13,24,1,5,2,0,1,2,1,-1,0,246,3.5899
13,26,1,2,2,1,0,1,1,1,1,210,4.2773
13,29,1,2,2,0,-1,2,1,-1,1,234,3.9589
13,30,1,2,2,-1,0,1,1,-1,1,224,3.9491
13,31,1,1,2,-1,0,1,1,1,0,234,5.3135
13,32,1,1,2,0,1,2,1,1,1,208,5.522
13,33,1,1,1,0,1,2,1,-1,0,206,6.3788
13,34,1,5,2,0,-1,2,1,-1,1,206,3.9954
13,36,1,1,1,1,0,1,1,1,1,205,5.0468
13,38,1,6,1,0,1,2,1,-1,0,225,5.6061
13,41,1,4,1,1,0,1,1,1,1,213,4.2288
13,42,1,6,2,1,0,1,1,1,1,221,6.5871
13,43,1,6,2,1,0,1,1,1,1,229,5.0017
13,45,1,1,2,-1,0,1,1,-1,1,216,3.3502
13,47,1,6,2,1,0,1,1,1,1,229,3.6085
13,49,1,3,1,-1,0,1,1,1,0,200,5.4671
13,50,1,6,2,-1,0,1,1,-1,1,222,4.8922
13,52,1,5,1,0,-1,2,1,-1,1,258,4.5296
13,53,1,3,2,0,-1,2,1,-1,1,260,4.415
13,54,1,1,2,0,1,2,1,1,1,207,5.1603
13,56,1,2,2,0,-1,2,1,1,0,203,5.7383
13,57,1,5,1,-1,0,1,1,-1,1,200,5.4266
13,58,1,4,2,1,0,1,1,1,1,239,2.973
13,59,1,1,1,0,1,2,1,-1,0,214,5.617
13,61,1,6,1,1,0,1,1,1,1,216,6.0601
13,62,1,6,1,0,1,2,1,-1,0,238,4.4664
13,63,1,4,1,1,0,1,1,1,1,207,6.0494
13,66,1,2,2,0,-1,2,1,-1,1,304,3.5802
13,67,1,3,2,-1,0,1,1,1,0,234,4.5777
13,68,1,4,2,0,1,2,1,1,1,203,4.8186
13,70,1,5,1,-1,0,1,1,-1,1,208,4.6406
13,71,1,5,1,-1,0,1,1,-1,1,207,6.3951
13,74,1,1,2,-1,0,1,1,1,0,208,5.1596
13,77,1,2,1,1,0,1,1,1,1,247,6.7375
13,78,1,3,1,-1,0,1,1,-1,1,236,6.0047
13,80,1,2,1,0,-1,2,1,-1,1,228,5.4471
13,82,1,1,2,-1,0,1,1,-1,1,210,4.9257
13,83,1,6,2,-1,0,1,1,-1,1,321,3.3442
13,84,1,2,1,0,-1,2,1,-1,1,257,4.8068
13,86,1,6,2,1,0,1,1,1,1,278,4.9114
13,87,1,1,2,0,1,2,1,-1,0,204,6.7071
13,88,1,6,2,0,1,2,1,1,1,200,5.6384
13,89,1,6,1,0,-1,2,1,1,0,217,6.6543
13,90,1,1,2,0,1,2,1,1,1,209,4.3706
13,91,1,1,1,1,0,1,1,1,1,224,5.9945
13,92,1,1,1,-1,0,1,1,1,0,244,4.229
13,93,1,4,1,1,0,1,1,1,1,274,5.0626
13,96,1,4,1,1,0,1,1,1,1,203,6.423
13,97,1,3,2,1,0,1,1,1,1,210,8.0019
13,100,1,4,1,1,0,1,1,1,1,263,4.0634
13,102,1,1,2,-1,0,1,1,-1,1,271,3.0626
13,103,1,6,1,0,-1,2,1,1,0,233,4.5232
13,104,1,3,1,1,0,1,1,1,1,207,5.0247
13,105,1,3,1,0,-1,2,1,-1,1,230,5.0908
13,106,1,5,1,0,-1,2,1,-1,1,242,5.7367
13,108,1,6,2,0,1,2,1,1,1,240,3.8944
13,109,1,5,1,-1,0,1,1,-1,1,223,4.4806
13,110,1,3,2,-1,0,1,1,1,0,242,5.7264
13,111,1,4,1,1,0,1,1,1,1,210,5.561
13,112,1,3,2,0,-1,2,1,-1,1,201,4.6546
13,113,1,4,1,0,-1,2,1,-1,1,217,5.2647
13,115,1,5,1,1,0,1,1,1,1,205,5.4387
13,116,1,4,2,0,-1,2,1,1,0,231,4.5153
13,119,1,2,1,0,1,2,1,1,1,213,6.0418
13,120,1,1,1,-1,0,1,1,1,0,228,5.8613
13,122,1,2,1,-1,0,1,1,-1,1,271,4.0147
13,125,1,2,1,0,1,2,1,1,1,217,4.7585
13,126,1,4,2,0,-1,2,1,-1,1,218,5.5977
13,127,1,2,1,0,1,2,1,-1,0,202,6.178
13,128,1,1,2,0,-1,2,1,1,0,248,5.4537
13,130,1,1,2,1,0,1,1,-1,0,238,5.9686
13,131,1,1,1,1,0,1,1,-1,0,291,5.9753
13,133,1,4,2,0,1,2,1,1,1,223,3.8512
13,134,1,3,1,0,-1,2,1,-1,1,236,4.8414
13,136,1,3,1,0,1,2,1,1,1,234,4.9815
13,137,1,2,2,0,1,2,1,1,1,237,4.1512
13,138,1,1,2,0,1,2,1,1,1,225,4.963
13,139,1,5,1,0,-1,2,1,-1,1,224,5.1378
13,141,1,6,1,0,1,2,1,1,1,250,5.2454
13,142,1,5,2,1,0,1,1,1,1,214,4.8933
13,144,1,2,2,0,-1,2,1,-1,1,201,5.0148
13,145,1,1,2,0,1,2,1,1,1,252,3.9268
13,146,1,3,2,1,0,1,1,1,1,200,5.7261
13,147,1,1,2,0,-1,2,1,1,0,208,5.9146
13,148,1,3,1,1,0,1,1,1,1,205,4.9981
13,149,1,5,1,0,-1,2,1,-1,1,228,4.9392
13,151,1,5,1,1,0,1,1,1,1,205,5.4128
13,152,1,6,2,0,-1,2,1,-1,1,215,4.8674
13,154,1,3,2,0,-1,2,1,-1,1,214,4.9458
13,156,1,2,2,0,1,2,1,1,1,219,4.1026
13,157,1,3,2,-1,0,1,1,1,0,261,2.5659
13,159,1,3,2,1,0,1,1,1,1,201,4.9449
13,1,1,2,2,0,1,2,1,-1,0,200,5.6968
13,3,1,4,1,1,0,1,1,1,1,249,6.741
13,121,1,5,2,0,-1,2,1,-1,1,258,4.1713
14,2,1,4,2,1,0,1,1,1,1,227,6.2027
14,3,1,3,2,1,0,1,1,-1,0,203,4.7785
14,4,1,6,1,-1,0,1,1,-1,1,212,6.0661
14,5,1,5,2,1,0,1,1,1,1,209,4.3868
14,6,1,4,2,1,0,1,1,-1,0,224,5.3245
14,9,1,1,1,1,0,1,1,-1,0,204,5.6979
14,13,1,1,1,0,-1,2,1,1,0,233,5.438
14,14,1,2,2,0,-1,2,1,1,0,202,6.0872
14,15,1,1,2,1,0,1,1,1,1,263,4.2577
14,17,1,1,2,0,1,2,1,1,1,213,6.0844
14,23,1,6,2,0,1,2,1,1,1,295,3.5276
14,24,1,6,2,1,0,1,1,1,1,240,4.5652
14,25,1,1,2,-1,0,1,1,-1,1,204,6.3566
14,26,1,5,1,1,0,1,1,1,1,227,6.0858
14,27,1,1,1,0,1,2,1,-1,0,216,6.6396
14,28,1,6,1,-1,0,1,1,-1,1,217,4.8837
14,29,1,6,2,0,-1,2,1,-1,1,232,5.0415
14,30,1,5,2,0,-1,2,1,-1,1,225,4.1011
14,33,1,3,2,0,1,2,1,1,1,200,5.8247
14,34,1,6,1,0,1,2,1,-1,0,247,5.0874
14,35,1,5,1,1,0,1,1,1,1,231,4.3637
14,36,1,6,1,-1,0,1,1,1,0,230,4.3811
14,38,1,6,2,0,1,2,1,1,1,217,4.5654
14,39,1,1,2,-1,0,1,1,-1,1,217,5.1578
14,40,1,6,1,0,-1,2,1,-1,1,226,5.3648
14,41,1,1,2,1,0,1,1,1,1,238,4.9927
14,42,1,4,1,0,1,2,1,1,1,209,5.563
14,43,1,5,2,1,0,1,1,1,1,220,5.7073
14,44,1,1,2,0,-1,2,1,1,0,211,4.9362
14,45,1,4,1,-1,0,1,1,-1,1,211,5.9602
14,47,1,5,2,-1,0,1,1,1,0,322,5.4115
14,48,1,1,2,-1,0,1,1,1,0,224,5.7901
14,49,1,3,1,1,0,1,1,1,1,218,4.747
14,50,1,3,1,0,-1,2,1,-1,1,228,4.5071
14,51,1,2,2,0,1,2,1,1,1,210,4.8872
14,55,1,5,1,1,0,1,1,1,1,221,6.9002
14,56,1,1,1,1,0,1,1,-1,0,200,5.4029
14,57,1,5,1,0,1,2,1,1,1,215,6.6241
14,58,1,1,2,1,0,1,1,1,1,218,3.4744
14,59,1,6,2,0,-1,2,1,-1,1,215,4.4758
14,60,1,3,2,-1,0,1,1,1,0,201,5.6995
14,61,1,6,1,-1,0,1,1,1,0,224,5.6463
14,62,1,3,2,0,-1,2,1,1,0,222,3.9158
14,63,1,2,1,0,1,2,1,-1,0,203,5.6351
14,65,1,6,1,0,-1,2,1,-1,1,243,4.9349
14,70,1,4,1,1,0,1,1,-1,0,201,5.5265
14,71,1,2,1,0,-1,2,1,-1,1,329,5.8328
14,72,1,3,1,-1,0,1,1,-1,1,237,5.8872
14,73,1,6,1,-1,0,1,1,-1,1,231,4.8246
14,76,1,6,2,0,1,2,1,1,1,205,6.944
14,77,1,1,1,0,1,2,1,-1,0,243,7.6314
14,78,1,4,1,-1,0,1,1,-1,1,204,6.6675
14,79,1,5,1,-1,0,1,1,1,0,228,6.3561
14,81,1,6,2,0,1,2,1,1,1,238,5.772
14,83,1,6,1,-1,0,1,1,1,0,225,5.4078
14,84,1,2,1,-1,0,1,1,-1,1,215,5.0131
14,86,1,1,1,0,1,2,1,-1,0,307,6.242
14,87,1,1,2,1,0,1,1,1,1,208,4.3336
14,88,1,2,2,0,-1,2,1,1,0,238,4.8854
14,90,1,5,1,0,1,2,1,-1,0,258,4.4351
14,91,1,2,2,0,1,2,1,1,1,239,4.9584
14,92,1,5,2,0,1,2,1,1,1,224,5.3596
14,93,1,6,2,0,-1,2,1,-1,1,249,3.7329
14,94,1,3,1,-1,0,1,1,-1,1,202,7.6146
14,95,1,5,1,-1,0,1,1,-1,1,213,6.6628
14,96,1,1,1,0,-1,2,1,1,0,279,4.5425
14,97,1,6,1,-1,0,1,1,-1,1,270,5.619
14,98,1,1,1,1,0,1,1,-1,0,211,6.0675
14,99,1,5,2,1,0,1,1,1,1,231,5.1669
14,100,1,1,1,1,0,1,1,-1,0,213,6.6625
14,101,1,2,1,0,1,2,1,1,1,234,5.8674
14,102,1,1,2,-1,0,1,1,1,0,241,5.2093
14,103,1,6,1,0,-1,2,1,-1,1,261,5.7571
14,105,1,3,1,1,0,1,1,1,1,208,6.1459
14,106,1,2,1,0,1,2,1,-1,0,199,6.6498
14,108,1,6,1,0,-1,2,1,1,0,206,5.3561
14,110,1,2,2,-1,0,1,1,-1,1,215,4.3743
14,111,1,4,2,1,0,1,1,1,1,233,5.6065
14,112,1,1,1,-1,0,1,1,1,0,213,5.3142
14,114,1,4,2,1,0,1,1,1,1,241,5.8436
14,116,1,6,1,0,1,2,1,-1,0,223,5.0374
14,120,1,1,2,0,-1,2,1,-1,1,203,5.2864
14,121,1,2,1,-1,0,1,1,-1,1,225,6.9256
14,122,1,3,1,1,0,1,1,1,1,256,6.7126
14,123,1,4,1,-1,0,1,1,-1,1,217,6.2976
14,125,1,1,1,1,0,1,1,1,1,236,5.1248
14,126,1,1,2,1,0,1,1,1,1,239,6.5261
14,129,1,5,1,-1,0,1,1,-1,1,208,5.8316
14,130,1,5,2,0,1,2,1,1,1,227,4.7975
14,131,1,5,2,0,-1,2,1,1,0,210,4.2765
14,132,1,3,2,1,0,1,1,1,1,208,4.0561
14,133,1,2,2,-1,0,1,1,1,0,270,4.3236
14,134,1,5,2,-1,0,1,1,1,0,207,5.1425
14,137,1,4,2,1,0,1,1,1,1,247,4.1496
14,138,1,1,2,0,1,2,1,1,1,205,5.3684
14,140,1,4,2,-1,0,1,1,1,0,241,5.5011
14,141,1,6,2,0,-1,2,1,-1,1,247,3.8891
14,143,1,4,1,0,1,2,1,1,1,203,6.099
14,144,1,3,2,1,0,1,1,1,1,214,6.8482
14,146,1,6,1,-1,0,1,1,-1,1,219,4.7913
14,149,1,4,1,-1,0,1,1,-1,1,263,5.9452
14,151,1,6,2,1,0,1,1,1,1,286,3.7637
14,152,1,5,1,0,1,2,1,1,1,217,6.7706
14,153,1,2,2,-1,0,1,1,-1,1,205,5.8374
14,154,1,4,2,-1,0,1,1,1,0,201,5.9218
14,155,1,2,1,0,1,2,1,1,1,212,7.6889
14,158,1,2,1,1,0,1,1,1,1,201,5.8131
14,159,1,3,2,1,0,1,1,-1,0,288,4.8618
14,160,1,4,1,-1,0,1,1,1,0,245,7.0899
14,1,1,1,2,0,1,2,1,-1,0,209,3.6987
14,20,1,2,1,-1,0,1,1,1,0,226,5.8301
14,21,1,4,2,0,1,2,1,1,1,237,5.4863
14,22,1,1,2,0,-1,2,1,1,0,242,4.901
14,85,1,2,1,-1,0,1,1,-1,1,229,5.6128
14,142,1,2,2,1,0,1,1,1,1,203,5.0293
15,1,0,6,0,-1,0,1,1,-1,1,NaN,NaN
15,2,0,5,0,-1,0,1,1,-1,1,NaN,NaN
15,4,0,3,0,0,1,2,1,1,1,NaN,NaN
15,5,0,3,0,1,0,1,1,1,1,NaN,NaN
15,7,0,1,0,0,1,2,1,1,1,NaN,NaN
15,8,0,4,0,0,1,2,1,1,1,NaN,NaN
15,9,0,4,0,0,-1,2,1,-1,1,NaN,NaN
15,10,0,6,0,0,-1,2,1,-1,1,NaN,NaN
15,11,0,4,0,1,0,1,1,-1,0,NaN,NaN
15,12,0,2,0,-1,0,1,1,1,0,NaN,NaN
15,13,0,5,0,1,0,1,1,1,1,NaN,NaN
15,14,0,3,0,0,1,2,1,-1,0,NaN,NaN
15,15,0,3,0,1,0,1,1,1,1,NaN,NaN
15,17,0,5,0,-1,0,1,1,-1,1,NaN,NaN
15,18,0,6,0,0,-1,2,1,-1,1,NaN,NaN
15,19,0,6,0,-1,0,1,1,-1,1,NaN,NaN
15,20,0,6,0,-1,0,1,1,1,0,NaN,NaN
15,21,0,4,0,1,0,1,1,1,1,NaN,NaN
15,22,0,6,0,1,0,1,1,1,1,NaN,NaN
15,23,0,2,0,1,0,1,1,1,1,NaN,NaN
15,24,0,5,0,1,0,1,1,1,1,NaN,NaN
15,25,0,5,0,-1,0,1,1,-1,1,NaN,NaN
15,26,0,3,0,0,-1,2,1,-1,1,NaN,NaN
15,27,0,2,0,-1,0,1,1,-1,1,NaN,NaN
15,28,0,2,0,-1,0,1,1,-1,1,NaN,NaN
15,29,0,1,0,0,-1,2,1,1,0,NaN,NaN
15,30,0,3,0,-1,0,1,1,1,0,NaN,NaN
15,31,0,4,0,0,-1,2,1,-1,1,NaN,NaN
15,32,0,4,0,0,1,2,1,1,1,NaN,NaN
15,33,0,6,0,0,-1,2,1,-1,1,NaN,NaN
15,34,0,5,0,-1,0,1,1,-1,1,NaN,NaN
15,35,0,5,0,0,1,2,1,1,1,NaN,NaN
15,36,0,4,0,-1,0,1,1,-1,1,NaN,NaN
15,37,0,4,0,1,0,1,1,1,1,NaN,NaN
15,38,0,2,0,0,1,2,1,1,1,NaN,NaN
15,39,0,2,0,0,1,2,1,-1,0,NaN,NaN
15,40,0,3,0,0,1,2,1,-1,0,NaN,NaN
15,41,0,3,0,0,-1,2,1,1,0,NaN,NaN
15,42,0,4,0,1,0,1,1,1,1,NaN,NaN
15,43,0,2,0,0,-1,2,1,-1,1,NaN,NaN
15,44,0,4,0,1,0,1,1,1,1,NaN,NaN
15,45,0,3,0,-1,0,1,1,-1,1,NaN,NaN
15,46,0,3,0,0,1,2,1,-1,0,NaN,NaN
15,47,0,1,0,0,-1,2,1,-1,1,NaN,NaN
15,48,0,5,0,-1,0,1,1,-1,1,NaN,NaN
15,49,0,4,0,0,-1,2,1,-1,1,NaN,NaN
15,50,0,3,0,0,1,2,1,-1,0,NaN,NaN
15,51,0,2,0,-1,0,1,1,1,0,NaN,NaN
15,52,0,5,0,1,0,1,1,1,1,NaN,NaN
15,53,0,6,0,1,0,1,1,1,1,NaN,NaN
15,54,0,5,0,0,-1,2,1,-1,1,NaN,NaN
15,55,0,3,0,-1,0,1,1,-1,1,NaN,NaN
15,56,0,3,0,-1,0,1,1,-1,1,NaN,NaN
15,57,0,1,0,0,-1,2,1,-1,1,NaN,NaN
15,58,0,5,0,-1,0,1,1,-1,1,NaN,NaN
15,60,0,2,0,0,-1,2,1,-1,1,NaN,NaN
15,61,0,2,0,0,1,2,1,-1,0,NaN,NaN
15,62,0,1,0,0,1,2,1,-1,0,NaN,NaN
15,63,0,1,0,-1,0,1,1,1,0,NaN,NaN
15,64,0,4,0,1,0,1,1,1,1,NaN,NaN
15,65,0,1,0,0,1,2,1,-1,0,NaN,NaN
15,66,0,5,0,0,-1,2,1,-1,1,NaN,NaN
15,67,0,3,0,0,-1,2,1,-1,1,NaN,NaN
15,68,0,4,0,1,0,1,1,1,1,NaN,NaN
15,69,0,4,0,0,-1,2,1,-1,1,NaN,NaN
15,70,0,5,0,1,0,1,1,1,1,NaN,NaN
15,71,0,3,0,-1,0,1,1,1,0,NaN,NaN
15,72,0,5,0,0,1,2,1,1,1,NaN,NaN
15,73,0,3,0,0,1,2,1,1,1,NaN,NaN
15,74,0,6,0,1,0,1,1,1,1,NaN,NaN
15,75,0,6,0,-1,0,1,1,1,0,NaN,NaN
15,76,0,6,0,1,0,1,1,-1,0,NaN,NaN
15,77,0,6,0,0,-1,2,1,-1,1,NaN,NaN
15,78,0,6,0,-1,0,1,1,1,0,NaN,NaN
15,79,0,5,0,-1,0,1,1,1,0,NaN,NaN
15,80,0,3,0,0,-1,2,1,-1,1,NaN,NaN
15,81,0,3,0,-1,0,1,1,1,0,NaN,NaN
15,82,0,1,0,-1,0,1,1,-1,1,NaN,NaN
15,83,0,6,0,0,1,2,1,1,1,NaN,NaN
15,84,0,4,0,1,0,1,1,1,1,NaN,NaN
15,85,0,5,0,0,-1,2,1,-1,1,NaN,NaN
15,87,0,2,0,-1,0,1,1,1,0,NaN,NaN
15,88,0,6,0,0,1,2,1,1,1,NaN,NaN
15,89,0,4,0,0,-1,2,1,1,0,NaN,NaN
15,90,0,6,0,0,1,2,1,1,1,NaN,NaN
15,91,0,1,0,-1,0,1,1,-1,1,NaN,NaN
15,92,0,5,0,0,1,2,1,1,1,NaN,NaN
15,93,0,4,0,0,1,2,1,1,1,NaN,NaN
15,94,0,6,0,1,0,1,1,1,1,NaN,NaN
15,95,0,5,0,-1,0,1,1,1,0,NaN,NaN
15,96,0,6,0,-1,0,1,1,-1,1,NaN,NaN
15,97,0,6,0,0,1,2,1,1,1,NaN,NaN
15,98,0,6,0,0,-1,2,1,-1,1,NaN,NaN
15,99,0,6,0,0,1,2,1,-1,0,NaN,NaN
15,100,0,3,0,-1,0,1,1,-1,1,NaN,NaN
15,101,0,2,0,0,1,2,1,-1,0,NaN,NaN
15,102,0,1,0,-1,0,1,1,1,0,NaN,NaN
15,103,0,1,0,0,-1,2,1,-1,1,NaN,NaN
15,104,0,3,0,0,-1,2,1,-1,1,NaN,NaN
15,105,0,1,0,-1,0,1,1,-1,1,NaN,NaN
15,106,0,1,0,-1,0,1,1,1,0,NaN,NaN
15,107,0,5,0,0,-1,2,1,-1,1,NaN,NaN
15,108,0,6,0,-1,0,1,1,-1,1,NaN,NaN
15,109,0,6,0,1,0,1,1,1,1,NaN,NaN
15,110,0,3,0,0,1,2,1,-1,0,NaN,NaN
15,111,0,2,0,1,0,1,1,-1,0,NaN,NaN
15,113,0,2,0,0,-1,2,1,-1,1,NaN,NaN
15,114,0,3,0,1,0,1,1,1,1,NaN,NaN
15,115,0,2,0,0,-1,2,1,-1,1,NaN,NaN
15,116,0,5,0,0,-1,2,1,-1,1,NaN,NaN
15,117,0,2,0,0,-1,2,1,-1,1,NaN,NaN
15,118,0,4,0,0,-1,2,1,-1,1,NaN,NaN
15,119,0,3,0,0,-1,2,1,-1,1,NaN,NaN
15,120,0,5,0,0,-1,2,1,-1,1,NaN,NaN
15,121,0,3,0,0,-1,2,1,-1,1,NaN,NaN
15,122,0,5,0,1,0,1,1,1,1,NaN,NaN
15,123,0,3,0,-1,0,1,1,1,0,NaN,NaN
15,124,0,4,0,1,0,1,1,1,1,NaN,NaN
15,125,0,5,0,-1,0,1,1,-1,1,NaN,NaN
15,126,0,5,0,-1,0,1,1,-1,1,NaN,NaN
15,127,0,3,0,0,-1,2,1,1,0,NaN,NaN
15,128,0,4,0,0,-1,2,1,-1,1,NaN,NaN
15,130,0,6,0,1,0,1,1,1,1,NaN,NaN
15,131,0,2,0,-1,0,1,1,-1,1,NaN,NaN
15,132,0,2,0,0,1,2,1,1,1,NaN,NaN
15,133,0,4,0,1,0,1,1,1,1,NaN,NaN
15,134,0,6,0,0,-1,2,1,-1,1,NaN,NaN
15,135,0,4,0,0,-1,2,1,-1,1,NaN,NaN
15,136,0,4,0,1,0,1,1,1,1,NaN,NaN
15,137,0,3,0,-1,0,1,1,1,0,NaN,NaN
15,138,0,5,0,-1,0,1,1,1,0,NaN,NaN
15,139,0,1,0,-1,0,1,1,-1,1,NaN,NaN
15,140,0,1,0,0,-1,2,1,-1,1,NaN,NaN
15,141,0,2,0,-1,0,1,1,-1,1,NaN,NaN
15,142,0,3,0,-1,0,1,1,-1,1,NaN,NaN
15,143,0,1,0,-1,0,1,1,-1,1,NaN,NaN
15,144,0,5,0,1,0,1,1,1,1,NaN,NaN
15,145,0,5,0,1,0,1,1,1,1,NaN,NaN
15,146,0,3,0,0,-1,2,1,-1,1,NaN,NaN
15,147,0,4,0,-1,0,1,1,-1,1,NaN,NaN
15,149,0,3,0,1,0,1,1,1,1,NaN,NaN
15,150,0,3,0,0,1,2,1,-1,0,NaN,NaN
15,151,0,3,0,1,0,1,1,1,1,NaN,NaN
15,152,0,5,0,0,-1,2,1,-1,1,NaN,NaN
15,153,0,2,0,-1,0,1,1,-1,1,NaN,NaN
15,154,0,5,0,1,0,1,1,1,1,NaN,NaN
15,155,0,3,0,0,1,2,1,-1,0,NaN,NaN
15,156,0,1,0,0,-1,2,1,-1,1,NaN,NaN
15,157,0,1,0,-1,0,1,1,-1,1,NaN,NaN
15,158,0,5,0,-1,0,1,1,-1,1,NaN,NaN
15,159,0,6,0,0,-1,2,1,-1,1,NaN,NaN
15,160,0,3,0,-1,0,1,1,-1,1,NaN,NaN
15,3,0,1,0,1,0,1,1,1,1,NaN,NaN
15,6,0,1,0,0,1,2,1,1,1,NaN,NaN
15,16,0,2,0,0,1,2,1,1,1,NaN,NaN
15,112,0,4,0,0,-1,2,1,-1,1,NaN,NaN
16,1,1,5,1,-1,0,1,1,1,0,231,4.8127
16,2,1,1,1,0,-1,2,1,-1,1,327,5.0962
16,4,1,6,2,0,-1,2,1,-1,1,244,4.8511
16,5,1,4,2,0,-1,2,1,-1,1,266,3.9427
16,6,1,1,2,0,-1,2,1,1,0,207,3.6803
16,7,1,1,1,-1,0,1,1,-1,1,273,4.7537
16,8,1,5,1,0,-1,2,1,1,0,257,5.1759
16,9,1,2,2,0,-1,2,1,-1,1,252,6.0387
16,10,1,2,2,-1,0,1,1,1,0,233,3.4839
16,11,1,3,2,0,1,2,1,1,1,201,2.7797
16,12,1,6,1,1,0,1,1,1,1,215,4.0784
16,13,1,3,2,-1,0,1,1,1,0,241,3.7005
16,14,1,4,1,1,0,1,1,1,1,237,3.6606
16,16,1,1,2,-1,0,1,1,-1,1,215,2.853
16,17,1,1,2,0,-1,2,1,-1,1,340,3.1199
16,18,1,4,1,0,-1,2,1,-1,1,202,5.6252
16,21,1,2,1,-1,0,1,1,1,0,203,5.5127
16,22,1,1,1,1,0,1,1,1,1,233,4.5178
16,23,1,6,2,0,-1,2,1,-1,1,238,3.5615
16,24,1,1,2,1,0,1,1,1,1,289,3.7627
16,26,1,6,2,1,0,1,1,1,1,212,3.6811
16,28,1,4,2,0,-1,2,1,-1,1,273,5.1168
16,29,1,6,1,-1,0,1,1,-1,1,222,5.4335
16,30,1,5,2,1,0,1,1,1,1,248,3.0747
16,32,1,6,1,1,0,1,1,1,1,224,5.0216
16,33,1,2,2,0,1,2,1,1,1,214,3.6589
16,34,1,1,2,0,-1,2,1,1,0,219,3.7801
16,35,1,5,1,0,-1,2,1,-1,1,264,4.7954
16,36,1,6,2,1,0,1,1,1,1,253,3.1057
16,37,1,1,1,0,-1,2,1,1,0,217,3.8224
16,39,1,3,2,0,1,2,1,1,1,216,2.5512
16,40,1,4,1,-1,0,1,1,-1,1,257,4.3419
16,41,1,5,2,0,1,2,1,1,1,213,3.9387
16,43,1,1,1,1,0,1,1,-1,0,205,4.7112
16,44,1,6,2,-1,0,1,1,1,0,254,4.8518
16,45,1,2,1,0,1,2,1,-1,0,210,4.9654
16,47,1,4,2,1,0,1,1,1,1,210,6.431
16,48,1,4,2,0,-1,2,1,-1,1,242,5.6194
16,49,1,2,1,0,-1,2,1,-1,1,297,4.6395
16,50,1,6,2,0,-1,2,1,-1,1,236,3.8527
16,51,1,4,1,0,-1,2,1,-1,1,245,4.2781
16,52,1,1,1,0,1,2,1,-1,0,256,5.6885
16,53,1,1,2,-1,0,1,1,1,0,208,4.7603
16,54,1,6,2,0,-1,2,1,-1,1,225,3.3221
16,55,1,2,2,1,0,1,1,1,1,267,4.1631
16,56,1,6,1,0,1,2,1,1,1,254,3.8454
16,57,1,4,1,0,-1,2,1,-1,1,211,5.8171
16,59,1,2,1,0,1,2,1,1,1,283,5.8492
16,60,1,4,1,-1,0,1,1,-1,1,246,4.4719
16,61,1,3,2,1,0,1,1,1,1,226,3.8356
16,62,1,6,2,1,0,1,1,1,1,219,5.4382
16,63,1,6,2,-1,0,1,1,1,0,209,4.0022
16,64,1,2,1,0,1,2,1,1,1,288,5.9549
16,65,1,4,1,1,0,1,1,1,1,213,5.8605
16,66,1,4,2,0,1,2,1,-1,0,245,4.513
16,67,1,2,2,0,-1,2,1,1,0,256,4.5392
16,69,1,5,2,-1,0,1,1,1,0,206,5.0936
16,70,1,2,2,1,0,1,1,1,1,204,3.9942
16,72,1,2,2,-1,0,1,1,1,0,249,6.7347
16,74,1,5,1,-1,0,1,1,-1,1,383,5.9698
16,75,1,4,2,-1,0,1,1,1,0,266,3.6871
16,77,1,6,2,0,1,2,1,1,1,246,3.3946
16,78,1,6,2,0,1,2,1,1,1,285,4.9537
16,80,1,4,2,1,0,1,1,1,1,254,4.1307
16,82,1,4,2,0,-1,2,1,-1,1,203,4.7065
16,83,1,2,1,1,0,1,1,1,1,220,6.6199
16,84,1,4,1,0,-1,2,1,1,0,242,5.2442
16,87,1,6,1,0,1,2,1,1,1,291,5.0159
16,88,1,2,2,0,1,2,1,-1,0,351,4.9469
16,90,1,1,1,0,1,2,1,1,1,215,5.0931
16,91,1,3,2,-1,0,1,1,1,0,251,3.4754
16,92,1,3,2,-1,0,1,1,-1,1,245,4.2354
16,93,1,5,1,0,1,2,1,1,1,226,6.8684
16,94,1,1,1,1,0,1,1,1,1,247,7.2962
16,95,1,3,2,0,1,2,1,1,1,270,3.0485
16,96,1,6,2,-1,0,1,1,1,0,216,5.6094
16,97,1,2,2,-1,0,1,1,1,0,305,3.4209
16,98,1,3,1,-1,0,1,1,-1,1,264,5.2862
16,99,1,1,1,0,-1,2,1,-1,1,208,6.7548
16,100,1,2,1,0,1,2,1,-1,0,222,5.0309
16,101,1,6,1,0,1,2,1,1,1,211,4.9746
16,102,1,6,1,1,0,1,1,1,1,263,4.7156
16,103,1,5,2,1,0,1,1,1,1,354,5.8776
16,104,1,5,2,1,0,1,1,-1,0,226,3.5501
16,105,1,6,2,1,0,1,1,1,1,245,4.6347
16,107,1,4,2,0,1,2,1,1,1,256,5.1335
16,108,1,3,2,0,-1,2,1,1,0,271,4.9133
16,109,1,1,1,-1,0,1,1,1,0,273,5.0819
16,110,1,1,2,0,-1,2,1,-1,1,242,3.7793
16,111,1,3,2,-1,0,1,1,1,0,209,3.9983
16,112,1,1,2,0,1,2,1,-1,0,240,3.5623
16,113,1,3,2,0,-1,2,1,-1,1,240,5.1794
16,114,1,3,1,0,1,2,1,1,1,200,7.4187
16,115,1,2,1,-1,0,1,1,-1,1,204,6.9658
16,116,1,1,1,-1,0,1,1,1,0,204,6.7194
16,117,1,4,2,0,-1,2,1,-1,1,251,3.8749
16,118,1,2,1,1,0,1,1,1,1,292,5.2873
16,120,1,2,1,0,1,2,1,1,1,229,6.1178
16,121,1,5,1,1,0,1,1,1,1,206,5.3082
16,122,1,4,2,-1,0,1,1,1,0,230,3.8779
16,123,1,4,2,0,1,2,1,-1,0,288,4.2759
16,124,1,6,1,0,-1,2,1,-1,1,228,5.351
16,125,1,4,2,0,-1,2,1,1,0,234,4.9137
16,126,1,4,2,0,-1,2,1,-1,1,261,4.091
16,127,1,5,1,0,1,2,1,-1,0,262,6.5711
16,128,1,4,1,0,1,2,1,1,1,258,4.9639
16,129,1,2,2,1,0,1,1,1,1,200,5.0723
16,130,1,4,2,-1,0,1,1,1,0,250,4.381
16,132,1,3,2,0,-1,2,1,-1,1,256,3.2699
16,133,1,3,1,-1,0,1,1,-1,1,255,4.3472
16,134,1,3,1,0,-1,2,1,1,0,257,4.9886
16,135,1,1,1,0,1,2,1,1,1,226,5.3698
16,136,1,5,2,1,0,1,1,1,1,243,4.6762
16,137,1,4,2,-1,0,1,1,1,0,202,4.8133
16,138,1,4,2,1,0,1,1,1,1,244,4.6014
16,139,1,2,1,1,0,1,1,1,1,232,6.3189
16,140,1,2,2,0,-1,2,1,1,0,290,3.8159
16,141,1,3,1,0,1,2,1,1,1,205,5.0982
16,142,1,5,2,1,0,1,1,1,1,340,4.5112
16,143,1,5,1,0,-1,2,1,1,0,237,6.4527
16,145,1,5,1,1,0,1,1,1,1,227,6.3667
16,146,1,6,1,0,-1,2,1,-1,1,241,5.3258
16,147,1,3,1,0,1,2,1,-1,0,208,7.6674
16,148,1,3,1,0,1,2,1,-1,0,264,5.8397
16,149,1,1,2,1,0,1,1,1,1,237,2.8492
16,150,1,1,2,0,-1,2,1,-1,1,218,4.4017
16,151,1,3,1,-1,0,1,1,1,0,245,5.5804
16,152,1,4,1,0,-1,2,1,-1,1,202,7.4618
16,153,1,3,2,1,0,1,1,1,1,270,3.4692
16,154,1,1,1,-1,0,1,1,-1,1,204,5.9496
16,156,1,6,1,1,0,1,1,1,1,242,5.2902
16,157,1,1,1,0,-1,2,1,1,0,276,5.1907
16,158,1,4,2,0,-1,2,1,-1,1,325,6.5149
16,159,1,5,2,-1,0,1,1,1,0,223,4.2255
16,160,1,2,2,-1,0,1,1,-1,1,212,3.0517
16,20,1,1,2,1,0,1,1,-1,0,230,5.0337
16,46,1,6,2,1,0,1,1,1,1,240,4.1747
16,73,1,3,2,0,1,2,1,-1,0,254,3.7748
16,89,1,5,1,-1,0,1,1,1,0,222,5.3874
17,1,0,5,0,-1,0,1,1,-1,1,NaN,NaN
17,2,0,4,0,-1,0,1,1,-1,1,NaN,NaN
17,3,0,5,0,0,-1,2,1,-1,1,NaN,NaN
17,4,0,2,0,-1,0,1,1,-1,1,NaN,NaN
17,5,0,1,0,0,-1,2,1,1,0,NaN,NaN
17,6,0,6,0,0,1,2,1,1,1,NaN,NaN
17,7,0,1,0,0,1,2,1,1,1,NaN,NaN
17,8,0,6,0,0,1,2,1,1,1,NaN,NaN
17,9,0,4,0,-1,0,1,1,-1,1,NaN,NaN
17,10,0,5,0,0,1,2,1,1,1,NaN,NaN
17,11,0,2,0,0,1,2,1,1,1,NaN,NaN
17,12,0,5,0,0,1,2,1,1,1,NaN,NaN
17,13,0,6,0,1,0,1,1,1,1,NaN,NaN
17,14,0,4,0,-1,0,1,1,-1,1,NaN,NaN
17,15,0,2,0,0,-1,2,1,1,0,NaN,NaN
17,16,0,6,0,-1,0,1,1,-1,1,NaN,NaN
17,17,0,6,0,0,1,2,1,1,1,NaN,NaN
17,18,0,2,0,0,1,2,1,1,1,NaN,NaN
17,19,0,5,0,0,-1,2,1,-1,1,NaN,NaN
17,20,0,3,0,-1,0,1,1,-1,1,NaN,NaN
17,21,0,3,0,-1,0,1,1,-1,1,NaN,NaN
17,22,0,5,0,-1,0,1,1,-1,1,NaN,NaN
17,23,0,3,0,0,-1,2,1,-1,1,NaN,NaN
17,24,0,3,0,0,1,2,1,1,1,NaN,NaN
17,25,0,6,0,1,0,1,1,1,1,NaN,NaN
17,26,0,3,0,-1,0,1,1,-1,1,NaN,NaN
17,27,0,5,0,1,0,1,1,1,1,NaN,NaN
17,28,0,5,0,0,-1,2,1,-1,1,NaN,NaN
17,29,0,5,0,1,0,1,1,1,1,NaN,NaN
17,30,0,2,0,0,-1,2,1,1,0,NaN,NaN
17,31,0,6,0,0,1,2,1,1,1,NaN,NaN
17,32,0,2,0,0,1,2,1,1,1,NaN,NaN
17,33,0,5,0,-1,0,1,1,-1,1,NaN,NaN
17,34,0,1,0,0,-1,2,1,-1,1,NaN,NaN
17,35,0,4,0,0,-1,2,1,-1,1,NaN,NaN
17,36,0,4,0,0,1,2,1,1,1,NaN,NaN
17,37,0,3,0,0,1,2,1,1,1,NaN,NaN
17,38,0,3,0,0,1,2,1,1,1,NaN,NaN
17,39,0,1,0,1,0,1,1,-1,0,NaN,NaN
17,40,0,5,0,-1,0,1,1,-1,1,NaN,NaN
17,41,0,6,0,0,-1,2,1,-1,1,NaN,NaN
17,42,0,1,0,0,-1,2,1,-1,1,NaN,NaN
17,43,0,3,0,0,-1,2,1,-1,1,NaN,NaN
17,44,0,1,0,0,-1,2,1,-1,1,NaN,NaN
17,45,0,4,0,-1,0,1,1,-1,1,NaN,NaN
17,46,0,3,0,1,0,1,1,1,1,NaN,NaN
17,47,0,1,0,-1,0,1,1,1,0,NaN,NaN
17,48,0,1,0,0,-1,2,1,-1,1,NaN,NaN
17,49,0,6,0,0,-1,2,1,-1,1,NaN,NaN
17,50,0,6,0,0,-1,2,1,-1,1,NaN,NaN
17,51,0,3,0,1,0,1,1,1,1,NaN,NaN
17,52,0,2,0,0,1,2,1,1,1,NaN,NaN
17,53,0,4,0,0,1,2,1,1,1,NaN,NaN
17,54,0,6,0,0,-1,2,1,-1,1,NaN,NaN
17,55,0,5,0,0,-1,2,1,-1,1,NaN,NaN
17,57,0,6,0,0,1,2,1,1,1,NaN,NaN
17,58,0,3,0,0,1,2,1,1,1,NaN,NaN
17,59,0,6,0,0,1,2,1,1,1,NaN,NaN
17,60,0,3,0,0,-1,2,1,-1,1,NaN,NaN
17,61,0,1,0,0,1,2,1,1,1,NaN,NaN
17,62,0,3,0,-1,0,1,1,-1,1,NaN,NaN
17,63,0,1,0,0,-1,2,1,1,0,NaN,NaN
17,64,0,4,0,1,0,1,1,1,1,NaN,NaN
17,65,0,1,0,0,1,2,1,-1,0,NaN,NaN
17,66,0,4,0,0,1,2,1,1,1,NaN,NaN
17,67,0,3,0,1,0,1,1,1,1,NaN,NaN
17,68,0,5,0,-1,0,1,1,1,0,NaN,NaN
17,69,0,4,0,1,0,1,1,1,1,NaN,NaN
17,70,0,6,0,0,-1,2,1,-1,1,NaN,NaN
17,71,0,5,0,-1,0,1,1,-1,1,NaN,NaN
17,72,0,3,0,-1,0,1,1,-1,1,NaN,NaN
17,73,0,2,0,0,-1,2,1,-1,1,NaN,NaN
17,74,0,4,0,0,1,2,1,-1,0,NaN,NaN
17,75,0,6,0,0,1,2,1,1,1,NaN,NaN
17,76,0,3,0,1,0,1,1,1,1,NaN,NaN
17,77,0,5,0,0,-1,2,1,-1,1,NaN,NaN
17,78,0,1,0,0,-1,2,1,-1,1,NaN,NaN
17,79,0,2,0,0,-1,2,1,-1,1,NaN,NaN
17,80,0,1,0,0,-1,2,1,1,0,NaN,NaN
17,81,0,5,0,1,0,1,1,1,1,NaN,NaN
17,82,0,2,0,-1,0,1,1,1,0,NaN,NaN
17,83,0,1,0,0,-1,2,1,1,0,NaN,NaN
17,84,0,3,0,1,0,1,1,1,1,NaN,NaN
17,85,0,4,0,0,-1,2,1,-1,1,NaN,NaN
17,86,0,3,0,-1,0,1,1,-1,1,NaN,NaN
17,87,0,6,0,1,0,1,1,1,1,NaN,NaN
17,88,0,4,0,0,1,2,1,-1,0,NaN,NaN
17,89,0,4,0,-1,0,1,1,-1,1,NaN,NaN
17,90,0,4,0,-1,0,1,1,-1,1,NaN,NaN
17,91,0,2,0,1,0,1,1,1,1,NaN,NaN
17,92,0,6,0,-1,0,1,1,1,0,NaN,NaN
17,93,0,2,0,-1,0,1,1,-1,1,NaN,NaN
17,94,0,1,0,0,1,2,1,-1,0,NaN,NaN
17,97,0,3,0,1,0,1,1,1,1,NaN,NaN
17,100,0,4,0,0,1,2,1,-1,0,NaN,NaN
17,102,0,2,0,0,1,2,1,1,1,NaN,NaN
17,103,0,1,0,-1,0,1,1,1,0,NaN,NaN
17,104,0,1,0,-1,0,1,1,-1,1,NaN,NaN
17,105,0,1,0,-1,0,1,1,-1,1,NaN,NaN
17,106,0,2,0,-1,0,1,1,-1,1,NaN,NaN
17,107,0,4,0,0,1,2,1,-1,0,NaN,NaN
17,109,0,3,0,0,1,2,1,1,1,NaN,NaN
17,110,0,4,0,-1,0,1,1,-1,1,NaN,NaN
17,111,0,2,0,0,1,2,1,1,1,NaN,NaN
17,112,0,4,0,0,1,2,1,1,1,NaN,NaN
17,113,0,6,0,1,0,1,1,1,1,NaN,NaN
17,114,0,2,0,-1,0,1,1,1,0,NaN,NaN
17,115,0,3,0,1,0,1,1,1,1,NaN,NaN
17,116,0,3,0,1,0,1,1,1,1,NaN,NaN
17,117,0,1,0,1,0,1,1,1,1,NaN,NaN
17,119,0,4,0,1,0,1,1,1,1,NaN,NaN
17,120,0,1,0,0,1,2,1,1,1,NaN,NaN
17,121,0,6,0,0,1,2,1,1,1,NaN,NaN
17,122,0,6,0,0,1,2,1,1,1,NaN,NaN
17,123,0,4,0,0,-1,2,1,-1,1,NaN,NaN
17,124,0,3,0,1,0,1,1,1,1,NaN,NaN
17,125,0,2,0,1,0,1,1,1,1,NaN,NaN
17,126,0,2,0,1,0,1,1,1,1,NaN,NaN
17,127,0,1,0,0,1,2,1,-1,0,NaN,NaN
17,128,0,6,0,1,0,1,1,1,1,NaN,NaN
17,129,0,1,0,0,1,2,1,-1,0,NaN,NaN
17,130,0,2,0,0,1,2,1,-1,0,NaN,NaN
17,131,0,6,0,0,-1,2,1,-1,1,NaN,NaN
17,132,0,4,0,-1,0,1,1,-1,1,NaN,NaN
17,133,0,6,0,-1,0,1,1,-1,1,NaN,NaN
17,134,0,5,0,-1,0,1,1,-1,1,NaN,NaN
17,135,0,3,0,0,-1,2,1,1,0,NaN,NaN
17,136,0,4,0,1,0,1,1,1,1,NaN,NaN
17,137,0,1,0,1,0,1,1,1,1,NaN,NaN
17,138,0,3,0,0,1,2,1,1,1,NaN,NaN
17,139,0,2,0,0,1,2,1,1,1,NaN,NaN
17,140,0,6,0,1,0,1,1,1,1,NaN,NaN
17,141,0,4,0,0,-1,2,1,-1,1,NaN,NaN
17,142,0,2,0,1,0,1,1,1,1,NaN,NaN
17,143,0,4,0,0,1,2,1,-1,0,NaN,NaN
17,144,0,5,0,1,0,1,1,1,1,NaN,NaN
17,145,0,1,0,1,0,1,1,1,1,NaN,NaN
17,146,0,4,0,0,-1,2,1,-1,1,NaN,NaN
17,147,0,3,0,0,-1,2,1,-1,1,NaN,NaN
17,148,0,3,0,0,1,2,1,1,1,NaN,NaN
17,149,0,1,0,0,1,2,1,1,1,NaN,NaN
17,150,0,1,0,1,0,1,1,-1,0,NaN,NaN
17,151,0,4,0,1,0,1,1,1,1,NaN,NaN
17,152,0,5,0,0,1,2,1,1,1,NaN,NaN
17,153,0,4,0,-1,0,1,1,1,0,NaN,NaN
17,154,0,3,0,1,0,1,1,1,1,NaN,NaN
17,155,0,4,0,1,0,1,1,1,1,NaN,NaN
17,156,0,4,0,-1,0,1,1,-1,1,NaN,NaN
17,157,0,5,0,0,-1,2,1,-1,1,NaN,NaN
17,158,0,3,0,1,0,1,1,1,1,NaN,NaN
17,159,0,4,0,1,0,1,1,-1,0,NaN,NaN
17,160,0,3,0,1,0,1,1,1,1,NaN,NaN
17,56,0,4,0,0,-1,2,1,-1,1,NaN,NaN
17,96,0,2,0,-1,0,1,1,-1,1,NaN,NaN
17,98,0,5,0,-1,0,1,1,-1,1,NaN,NaN
17,99,0,2,0,0,-1,2,1,-1,1,NaN,NaN
17,101,0,4,0,0,1,2,1,1,1,NaN,NaN
17,108,0,6,0,1,0,1,1,1,1,NaN,NaN
17,118,0,4,0,-1,0,1,1,-1,1,NaN,NaN
18,1,1,6,2,-1,0,1,1,1,0,228,3.9137
18,3,1,3,2,0,-1,2,1,-1,1,266,2.9243
18,4,1,3,2,1,0,1,1,1,1,208,3.2355
18,5,1,5,2,0,1,2,1,1,1,231,4.2693
18,7,1,5,1,1,0,1,1,1,1,256,5.3552
18,8,1,5,2,1,0,1,1,-1,0,393,5.4922
18,10,1,6,2,0,1,2,1,1,1,259,3.9293
18,11,1,5,2,-1,0,1,1,1,0,255,3.3842
18,13,1,5,2,1,0,1,1,1,1,249,4.2663
18,14,1,3,1,1,0,1,1,1,1,244,7.2499
18,17,1,2,1,-1,0,1,1,1,0,209,5.5069
18,18,1,4,1,1,0,1,1,1,1,231,4.8824
18,21,1,6,2,0,1,2,1,-1,0,200,5.3293
18,22,1,4,2,1,0,1,1,1,1,207,4.8761
18,24,1,6,1,0,-1,2,1,1,0,226,4.7945
18,25,1,2,2,0,-1,2,1,-1,1,210,3.8627
18,26,1,3,2,0,-1,2,1,-1,1,201,4.4088
18,27,1,5,2,-1,0,1,1,1,0,284,3.9382
18,28,1,5,1,-1,0,1,1,-1,1,229,4.7262
18,29,1,5,1,0,1,2,1,-1,0,199,4.7352
18,30,1,1,1,0,1,2,1,1,1,211,4.6038
18,32,1,5,1,0,1,2,1,-1,0,244,5.3068
18,33,1,1,1,-1,0,1,1,-1,1,220,4.4291
18,35,1,5,2,-1,0,1,1,1,0,201,5.9287
18,36,1,3,2,1,0,1,1,1,1,259,2.0254
18,38,1,2,1,1,0,1,1,1,1,222,5.8929
18,39,1,3,2,-1,0,1,1,1,0,234,4.8994
18,40,1,6,2,1,0,1,1,-1,0,216,6.0775
18,45,1,3,1,1,0,1,1,1,1,216,4.4889
18,46,1,1,2,-1,0,1,1,-1,1,214,2.4391
18,47,1,4,1,1,0,1,1,1,1,226,5.0736
18,48,1,4,1,0,-1,2,1,1,0,242,4.4907
18,49,1,4,1,1,0,1,1,1,1,209,5.6983
18,50,1,1,2,0,1,2,1,-1,0,216,4.1225
18,51,1,3,2,0,-1,2,1,1,0,256,4.6355
18,52,1,5,1,-1,0,1,1,-1,1,210,6.6421
18,53,1,2,2,1,0,1,1,1,1,209,3.3426
18,54,1,2,2,-1,0,1,1,1,0,236,5.7476
18,55,1,1,1,1,0,1,1,-1,0,214,5.3182
18,57,1,1,2,0,1,2,1,-1,0,268,2.9509
18,60,1,5,1,0,-1,2,1,-1,1,209,6.0709
18,61,1,2,1,0,1,2,1,1,1,217,6.1923
18,62,1,3,2,-1,0,1,1,1,0,207,4.7589
18,63,1,1,1,-1,0,1,1,1,0,202,6.7031
18,65,1,4,2,1,0,1,1,1,1,248,3.6805
18,67,1,2,2,1,0,1,1,1,1,287,3.6569
18,68,1,2,1,-1,0,1,1,1,0,254,6.0637
18,69,1,3,1,0,-1,2,1,1,0,366,6.5172
18,70,1,6,1,0,-1,2,1,-1,1,251,5.457
18,71,1,4,2,-1,0,1,1,1,0,211,3.2462
18,72,1,6,2,0,1,2,1,1,1,207,5.2725
18,73,1,3,2,0,-1,2,1,-1,1,217,5.0651
18,74,1,5,1,-1,0,1,1,-1,1,238,5.2225
18,77,1,2,2,-1,0,1,1,1,0,240,5.3144
18,79,1,5,1,0,1,2,1,-1,0,234,5.5587
18,80,1,1,1,-1,0,1,1,1,0,221,6.7107
18,81,1,4,2,-1,0,1,1,-1,1,254,3.0589
18,83,1,4,2,-1,0,1,1,1,0,231,4.2874
18,84,1,3,2,-1,0,1,1,-1,1,200,4.1177
18,85,1,2,1,0,1,2,1,-1,0,215,4.729
18,86,1,1,1,1,0,1,1,1,1,205,5.9321
18,87,1,3,1,0,1,2,1,1,1,229,6.4279
18,88,1,4,2,0,1,2,1,1,1,211,4.5396
18,89,1,6,2,0,1,2,1,1,1,217,4.2818
18,90,1,6,2,0,-1,2,1,-1,1,277,3.9989
18,91,1,6,1,0,-1,2,1,-1,1,299,4.5701
18,92,1,5,2,0,-1,2,1,-1,1,287,4.2474
18,93,1,2,1,0,1,2,1,1,1,208,5.6645
18,94,1,6,2,0,1,2,1,1,1,232,4.2587
18,98,1,1,2,-1,0,1,1,-1,1,201,5.6394
18,99,1,4,2,0,1,2,1,1,1,214,3.1333
18,100,1,2,2,-1,0,1,1,-1,1,238,5.6013
18,101,1,6,2,0,-1,2,1,-1,1,251,4.5725
18,102,1,3,2,-1,0,1,1,1,0,215,4.006
18,103,1,4,1,0,1,2,1,-1,0,240,6.007
18,104,1,4,1,1,0,1,1,1,1,218,4.828
18,105,1,1,1,0,1,2,1,-1,0,236,7.3249
18,106,1,2,2,-1,0,1,1,1,0,247,3.8222
18,107,1,6,1,-1,0,1,1,-1,1,231,4.5682
18,108,1,3,1,1,0,1,1,1,1,213,6.7535
18,109,1,2,2,-1,0,1,1,1,0,212,5.4302
18,112,1,5,1,-1,0,1,1,-1,1,200,5.1586
18,113,1,6,2,-1,0,1,1,1,0,253,3.7101
18,118,1,4,2,0,-1,2,1,-1,1,227,3.8815
18,119,1,1,2,0,1,2,1,-1,0,202,3.3966
18,120,1,2,1,-1,0,1,1,1,0,239,5.1753
18,121,1,2,2,1,0,1,1,1,1,298,2.891
18,122,1,5,2,-1,0,1,1,1,0,229,5.1988
18,123,1,3,2,-1,0,1,1,1,0,233,4.368
18,124,1,6,1,1,0,1,1,1,1,207,4.4515
18,125,1,6,2,-1,0,1,1,1,0,302,4.6343
18,126,1,5,2,0,-1,2,1,-1,1,227,3.9639
18,127,1,2,2,0,-1,2,1,-1,1,200,3.0675
18,128,1,2,1,0,-1,2,1,1,0,231,5.1308
18,131,1,5,2,0,-1,2,1,-1,1,260,4.053
18,132,1,5,1,1,0,1,1,1,1,245,5.4089
18,133,1,2,1,1,0,1,1,1,1,222,4.8083
18,135,1,2,2,1,0,1,1,-1,0,218,3.0568
18,136,1,3,2,0,-1,2,1,-1,1,203,4.4139
18,137,1,6,1,0,1,2,1,-1,0,217,5.2928
18,139,1,6,1,0,-1,2,1,-1,1,229,7.6242
18,140,1,6,2,-1,0,1,1,1,0,246,3.672
18,141,1,1,2,-1,0,1,1,-1,1,253,3.8609
18,143,1,5,2,-1,0,1,1,-1,1,249,3.2564
18,144,1,3,2,0,-1,2,1,-1,1,214,4.2751
18,145,1,2,1,0,1,2,1,1,1,250,4.4706
18,146,1,6,2,0,1,2,1,1,1,226,3.6613
18,147,1,3,2,1,0,1,1,1,1,234,3.5908
18,148,1,2,1,-1,0,1,1,-1,1,243,4.7793
18,149,1,1,2,-1,0,1,1,1,0,277,3.2277
18,150,1,1,2,1,0,1,1,1,1,244,3.4625
18,151,1,1,1,0,1,2,1,-1,0,225,5.5106
18,152,1,2,1,0,-1,2,1,1,0,212,3.92
18,153,1,4,1,0,-1,2,1,-1,1,257,5.6806
18,154,1,2,2,0,1,2,1,1,1,308,2.9593
18,155,1,1,2,0,-1,2,1,-1,1,276,3.1384
18,157,1,2,2,0,1,2,1,-1,0,268,3.9076
18,159,1,5,2,-1,0,1,1,1,0,240,2.9141
19,3,1,5,1,1,0,1,1,1,1,225,5.0267
19,5,1,4,1,1,0,1,1,1,1,255,4.1943
19,6,1,5,2,0,-1,2,1,-1,1,229,3.9186
19,7,1,4,1,0,-1,2,1,-1,1,256,4.8244
19,9,1,4,2,0,1,2,1,1,1,259,3.1531
19,10,1,6,1,0,-1,2,1,-1,1,213,5.3755
19,11,1,6,1,0,-1,2,1,-1,1,219,4.7881
19,12,1,5,2,0,1,2,1,1,1,232,2.8513
19,15,1,1,1,1,0,1,1,-1,0,210,5.2351
19,16,1,1,1,0,1,2,1,1,1,236,5.4242
19,18,1,1,2,1,0,1,1,-1,0,256,3.4695
19,19,1,2,1,-1,0,1,1,1,0,274,4.6361
19,20,1,3,1,0,1,2,1,-1,0,225,4.8582
19,21,1,4,2,-1,0,1,1,1,0,208,4.0678
19,22,1,1,1,0,-1,2,1,-1,1,240,5.9273
19,23,1,3,1,1,0,1,1,1,1,291,5.4406
19,24,1,5,2,0,-1,2,1,-1,1,240,3.485
19,25,1,6,2,-1,0,1,1,1,0,221,4.0381
19,26,1,6,2,-1,0,1,1,1,0,252,4.6548
19,27,1,3,2,0,1,2,1,-1,0,245,4.4669
19,29,1,3,2,1,0,1,1,1,1,207,5.2293
19,30,1,1,1,-1,0,1,1,-1,1,247,4.6258
19,31,1,5,2,0,-1,2,1,-1,1,260,3.2898
19,32,1,2,2,1,0,1,1,-1,0,200,3.093
19,33,1,1,1,0,1,2,1,-1,0,248,5.6584
19,34,1,4,2,-1,0,1,1,1,0,203,3.1552
19,35,1,3,1,1,0,1,1,1,1,282,4.4744
19,36,1,5,1,0,-1,2,1,-1,1,237,4.1355
19,38,1,6,1,-1,0,1,1,-1,1,231,5.2165
19,39,1,3,2,0,1,2,1,1,1,214,3.5663
19,40,1,5,1,1,0,1,1,1,1,219,4.3198
19,41,1,4,1,0,1,2,1,1,1,279,4.2152
19,42,1,5,2,1,0,1,1,-1,0,230,3.9599
19,43,1,2,1,-1,0,1,1,-1,1,222,5.2272
19,44,1,3,2,-1,0,1,1,-1,1,239,3.9439
19,46,1,6,1,1,0,1,1,1,1,256,4.6067
19,47,1,6,1,1,0,1,1,1,1,245,4.0827
19,48,1,2,1,1,0,1,1,-1,0,216,4.4381
19,49,1,6,2,0,-1,2,1,-1,1,216,2.6846
19,50,1,3,2,-1,0,1,1,1,0,262,3.8428
19,51,1,4,2,0,-1,2,1,-1,1,266,2.8683
19,52,1,2,2,0,-1,2,1,-1,1,211,5.0226
19,53,1,4,1,1,0,1,1,1,1,244,4.7248
19,54,1,1,1,-1,0,1,1,-1,1,219,5.088
19,55,1,6,2,1,0,1,1,-1,0,247,3.9869
19,56,1,1,1,0,-1,2,1,1,0,243,4.4723
19,57,1,2,2,-1,0,1,1,1,0,234,3.7375
19,58,1,3,1,0,-1,2,1,-1,1,212,5.6203
19,60,1,3,1,-1,0,1,1,-1,1,328,6.4908
19,61,1,5,2,0,1,2,1,-1,0,246,2.9854
19,63,1,3,1,0,1,2,1,1,1,289,4.4072
19,65,1,2,1,0,1,2,1,1,1,224,4.8282
19,66,1,3,1,0,1,2,1,1,1,217,6.3874
19,69,1,1,2,1,0,1,1,1,1,203,5.136
19,70,1,4,2,-1,0,1,1,1,0,239,4.1704
19,71,1,2,1,-1,0,1,1,1,0,222,4.457
19,72,1,2,2,0,1,2,1,1,1,230,4.9635
19,73,1,4,1,1,0,1,1,1,1,228,4.0097
19,74,1,2,1,-1,0,1,1,-1,1,257,5.4194
19,75,1,4,2,0,1,2,1,1,1,253,5.1085
19,76,1,1,2,0,-1,2,1,-1,1,237,5.0465
19,77,1,6,1,1,0,1,1,1,1,230,5.404
19,78,1,6,2,1,0,1,1,1,1,229,5.1448
19,79,1,3,2,0,-1,2,1,-1,1,201,6.5103
19,80,1,3,1,0,-1,2,1,1,0,298,5.5647
19,81,1,3,2,-1,0,1,1,1,0,240,7.2316
19,83,1,6,1,-1,0,1,1,-1,1,249,5.2038
19,84,1,5,1,0,1,2,1,-1,0,223,5.2886
19,85,1,6,1,0,1,2,1,-1,0,226,5.6522
19,86,1,5,1,-1,0,1,1,-1,1,217,6.1982
19,89,1,4,1,1,0,1,1,1,1,251,4.948
19,90,1,3,1,1,0,1,1,1,1,205,5.5796
19,91,1,6,2,1,0,1,1,1,1,268,5.1665
19,93,1,6,2,0,-1,2,1,-1,1,234,3.6334
19,94,1,6,1,-1,0,1,1,1,0,213,6.0348
19,97,1,5,2,0,-1,2,1,-1,1,222,5.2239
19,98,1,4,1,1,0,1,1,1,1,274,5.0978
19,99,1,3,2,0,1,2,1,1,1,227,4.9052
19,100,1,4,2,1,0,1,1,1,1,233,5.5941
19,101,1,6,2,0,1,2,1,1,1,215,5.5136
19,102,1,6,2,-1,0,1,1,1,0,257,3.1824
19,104,1,6,1,1,0,1,1,1,1,222,5.4445
19,105,1,6,1,0,-1,2,1,-1,1,262,6.1372
19,108,1,5,2,1,0,1,1,-1,0,203,5.8045
19,109,1,2,1,0,-1,2,1,-1,1,290,4.4676
19,110,1,4,1,1,0,1,1,1,1,210,7.5028
19,111,1,2,1,1,0,1,1,1,1,259,6.4246
19,112,1,5,2,0,-1,2,1,-1,1,267,4.2071
19,113,1,4,1,-1,0,1,1,-1,1,205,5.6909
19,114,1,3,1,-1,0,1,1,-1,1,266,5.64
19,115,1,6,1,-1,0,1,1,-1,1,240,5.1795
19,116,1,1,1,1,0,1,1,1,1,214,5.7178
19,117,1,5,1,0,-1,2,1,-1,1,244,5.8608
19,118,1,4,2,1,0,1,1,1,1,214,4.1698
19,119,1,5,1,1,0,1,1,1,1,214,6.2281
19,120,1,5,2,-1,0,1,1,1,0,274,3.6875
19,121,1,2,1,1,0,1,1,1,1,272,7.4118
19,122,1,3,2,0,1,2,1,-1,0,249,3.9987
19,124,1,4,2,-1,0,1,1,-1,1,238,3.0394
19,125,1,3,2,-1,0,1,1,1,0,209,2.604
19,126,1,5,2,0,1,2,1,1,1,226,3.7712
19,128,1,6,2,0,1,2,1,1,1,249,3.4047
19,129,1,4,2,-1,0,1,1,1,0,243,4.1881
19,130,1,1,1,0,-1,2,1,-1,1,261,4.7702
19,131,1,3,1,1,0,1,1,1,1,228,5.2781
19,132,1,3,1,-1,0,1,1,-1,1,255,4.7735
19,133,1,6,1,-1,0,1,1,-1,1,343,5.2648
19,134,1,2,2,0,-1,2,1,1,0,253,5.238
19,135,1,5,1,0,-1,2,1,-1,1,250,5.527
19,138,1,4,1,1,0,1,1,-1,0,249,6.0433
19,139,1,2,2,0,-1,2,1,1,0,237,5.5286
19,140,1,4,1,0,1,2,1,-1,0,230,4.7251
19,141,1,4,2,1,0,1,1,-1,0,290,4.1276
19,142,1,4,1,0,-1,2,1,1,0,202,6.5843
19,143,1,6,1,0,1,2,1,1,1,238,5.4395
19,144,1,5,2,-1,0,1,1,-1,1,246,4.8629
19,145,1,5,1,1,0,1,1,1,1,218,6.0042
19,146,1,4,1,1,0,1,1,1,1,254,4.3478
19,147,1,5,1,-1,0,1,1,-1,1,227,6.1471
19,148,1,2,2,0,1,2,1,-1,0,255,6.2316
19,150,1,6,1,-1,0,1,1,-1,1,265,5.3917
19,152,1,1,1,1,0,1,1,-1,0,234,4.2075
19,153,1,3,1,0,1,2,1,1,1,217,5.3374
19,154,1,6,2,-1,0,1,1,1,0,277,4.4932
19,157,1,6,2,-1,0,1,1,1,0,229,5.1726
19,160,1,2,2,0,-1,2,1,-1,1,253,6.0125
19,68,1,6,1,0,-1,2,1,-1,1,220,5.2324
